{
  "nil_btc": 0.5205596090436252,
  "nil_eth": 0.5180339247472893,
  "nil_mind": 0.4010288016445133
}