{
  "nil_btc": 0.61584182469786,
  "nil_eth": 0.6246072358159677,
  "nil_mind": 0.24158142972425053
}