{
  "nil_btc": 0.6044453377540545,
  "nil_eth": 0.5545160966314017,
  "nil_mind": -0.06772395508748215
}