{
  "nil_btc": 0.5882716675953522,
  "nil_eth": 0.6372693761776794,
  "nil_mind": 0.3088990573773745
}