{
  "nil_btc": 0.6147949209414983,
  "nil_eth": 0.57174433617487,
  "nil_mind": -0.07957858512763219
}