{
  "nil_btc": 0.5889040012001187,
  "nil_eth": 0.6213069089314326,
  "nil_mind": 0.2948997909579893
}