{
  "nil_btc": -0.16889517408933427,
  "nil_eth": -0.18852140216306668,
  "nil_mind": -0.09262159348805624
}