{
  "nil_btc": 0.6637165901701203,
  "nil_eth": 0.6575571663585568,
  "nil_mind": 0.4028872355564733
}