{
  "nil_btc": 0.5561204673969189,
  "nil_eth": 0.5894978522836355,
  "nil_mind": 0.30526066794126366
}