{
  "nil_btc": 0.43431277114903544,
  "nil_eth": 0.4621778951314591,
  "nil_mind": 0.3637769428674051
}