{
  "nil_btc": 0.5039579508557235,
  "nil_eth": 0.48550804392056507,
  "nil_mind": 0.4289660372561016
}