{
  "nil_btc": 0.6058883185984958,
  "nil_eth": 0.6443437992275205,
  "nil_mind": 0.4457307913991129
}