{
  "nil_btc": 0.9998165605849036,
  "nil_eth": 0.9076768358039059,
  "nil_mind": 0.14216750111395007
}