{
  "nil_btc": 0.5634990867578769,
  "nil_eth": 0.5751443905652991,
  "nil_mind": 0.23721121599332218
}