{
  "nil_btc": 0.5790895856566992,
  "nil_eth": 0.5882611233445804,
  "nil_mind": 0.3037657925244275
}