{
  "nil_btc": 0.4000086486664245,
  "nil_eth": 0.4665538056610837,
  "nil_mind": 0.00468196093427865
}