{
  "nil_btc": 0.33681557252020883,
  "nil_eth": 0.39720395387656837,
  "nil_mind": -0.06666306187117638
}