{
  "nil_btc": 0.6936054746751653,
  "nil_eth": 0.7397305729177918,
  "nil_mind": 0.2975996782698758
}