{
  "nil_btc": 0.5721251236894099,
  "nil_eth": 0.5463747020324596,
  "nil_mind": -0.1374504677338464
}