{
  "nil_btc": 0.5498933091826927,
  "nil_eth": 0.6060859811657737,
  "nil_mind": 0.35782973176824084
}