{
  "nil_btc": 0.4764692428455673,
  "nil_eth": 0.6059632699243531,
  "nil_mind": -0.11015619827946879
}