{
  "nil_btc": 0.7590846968508086,
  "nil_eth": 0.7057112115105686,
  "nil_mind": -0.202504660476321
}