{
  "nil_btc": 0.2606784486798047,
  "nil_eth": 0.38621232322170435,
  "nil_mind": -0.04397137326798852
}