{
  "nil_btc": 0.7470985453051986,
  "nil_eth": 0.6825321049736562,
  "nil_mind": 0.31352288386716315
}