{
  "nil_btc": 0.5587043790957453,
  "nil_eth": 0.5701209827896844,
  "nil_mind": 0.24248110263022296
}