{
  "nil_btc": 0.10538491095450939,
  "nil_eth": 0.09382480060853687,
  "nil_mind": 0.01882442343996789
}