{
  "nil_btc": 0.25605931801869924,
  "nil_eth": 0.35838540266560415,
  "nil_mind": 0.20676645003067431
}