{
  "nil_btc": 0.5932185748064478,
  "nil_eth": 0.654791449572279,
  "nil_mind": 0.30286485102808447
}