{
  "nil_btc": 0.43029630824518306,
  "nil_eth": 0.48054442781224327,
  "nil_mind": 0.08880555438165019
}