{
  "nil_btc": -0.10965032275507786,
  "nil_eth": -0.15794210495174393,
  "nil_mind": -0.07915955815093864
}