{
  "nil_btc": 0.4895443620176898,
  "nil_eth": 0.36555742680131253,
  "nil_mind": -0.11042428494553409
}