{
  "nil_btc": -0.14640128071915542,
  "nil_eth": -0.1806018739158689,
  "nil_mind": -0.07905903539258778
}