{
  "nil_btc": 0.6663056164006724,
  "nil_eth": 0.6346932314919185,
  "nil_mind": 0.29712944050426987
}