{
  "nil_btc": 0.5714277868802666,
  "nil_eth": 0.6263607878421352,
  "nil_mind": 0.282465142547139
}