{
  "nil_btc": 0.7305249326801833,
  "nil_eth": 0.8884918901799363,
  "nil_mind": 0.37213614276381357
}