{
  "nil_btc": 0.4244521373887809,
  "nil_eth": 0.4607356373874685,
  "nil_mind": 0.2734151638047479
}