{
  "nil_btc": -0.13318047809590117,
  "nil_eth": -0.18159445137531594,
  "nil_mind": -0.08581306493857592
}