{
  "nil_btc": 0.8467563563412998,
  "nil_eth": 0.7385223960546246,
  "nil_mind": 0.514585577270802
}