{
  "nil_btc": 0.920309555813782,
  "nil_eth": 0.7583114211397662,
  "nil_mind": 0.5093859609552567
}