{
  "nil_btc": 0.4546452154945229,
  "nil_eth": 0.46731700321222697,
  "nil_mind": 0.2687980819090495
}