{
  "nil_btc": 0.3353549720563123,
  "nil_eth": 0.3966569140096058,
  "nil_mind": -0.051630893635377324
}