{
  "nil_btc": 0.15553130231982162,
  "nil_eth": 0.13174251084779962,
  "nil_mind": -0.026855857016891835
}