{
  "nil_btc": 0.8802455476230964,
  "nil_eth": 0.7367342624470059,
  "nil_mind": 0.5139771428032915
}