{
  "nil_btc": 0.5464189979978642,
  "nil_eth": 0.5408714378109163,
  "nil_mind": 0.31268843466728746
}