{
  "nil_btc": 0.6404536306933138,
  "nil_eth": 0.7104435047789426,
  "nil_mind": 0.25822105942265794
}