{
  "nil_btc": 0.1359589394787008,
  "nil_eth": 0.12578655087996482,
  "nil_mind": 0.02440693312837674
}