{
  "nil_btc": 0.6106504932342821,
  "nil_eth": 0.6180188690429598,
  "nil_mind": 0.2452101637652457
}