{
  "nil_btc": 0.43026800330106635,
  "nil_eth": 0.4795744901627303,
  "nil_mind": 0.05037772104738725
}