{
  "nil_btc": 0.760689695685779,
  "nil_eth": 0.697639009469046,
  "nil_mind": 0.31016003395513997
}