{
  "nil_btc": 0.4100373890953972,
  "nil_eth": 0.553566287553235,
  "nil_mind": 0.5832997317887679
}