{
  "nil_btc": 0.6695021694385973,
  "nil_eth": 0.6310501068542786,
  "nil_mind": -0.05777490874955166
}