{
  "nil_btc": 0.5735714312051967,
  "nil_eth": 0.6460366138444318,
  "nil_mind": 0.31857047123694676
}