{
  "nil_btc": 0.6699782796219386,
  "nil_eth": 0.7330259238421208,
  "nil_mind": 0.35695742595369795
}