{
  "nil_btc": 0.5737757221738418,
  "nil_eth": 0.5431207638955523,
  "nil_mind": -0.11332379115157039
}