{
  "nil_btc": 0.7833341849286717,
  "nil_eth": 0.7384994621453725,
  "nil_mind": 0.7523295267392627
}