{
  "nil_btc": 0.518680566720737,
  "nil_eth": 0.5619921320450897,
  "nil_mind": 0.2644283464215534
}