{
  "nil_btc": 0.573039113954866,
  "nil_eth": 0.617175843431477,
  "nil_mind": 0.34557082185434185
}