{
  "nil_btc": 0.42783290447987776,
  "nil_eth": 0.48998791043812806,
  "nil_mind": -0.2251359704330628
}