{
  "nil_btc": 0.3373061571190931,
  "nil_eth": 0.3975994467201887,
  "nil_mind": -0.05471359348704876
}