{
  "nil_btc": 0.41725708358048663,
  "nil_eth": 0.537204905516291,
  "nil_mind": -0.2713476590247325
}