{
  "nil_btc": 0.6023330764726763,
  "nil_eth": 0.5650795819879164,
  "nil_mind": 0.5424971057305504
}