{
  "nil_btc": 0.7989184774731448,
  "nil_eth": 0.7661116114120811,
  "nil_mind": 0.7566078134721598
}