{
  "nil_btc": -0.11883702631404756,
  "nil_eth": -0.13439407059729752,
  "nil_mind": -0.13625781497364217
}