{
  "nil_btc": 0.667917849046292,
  "nil_eth": 0.6632491839023112,
  "nil_mind": 0.33529295095235806
}