{
  "nil_btc": 0.8901743142723504,
  "nil_eth": 0.7358723100022825,
  "nil_mind": 0.5354373067692196
}