{
  "nil_btc": 0.46342440750500025,
  "nil_eth": 0.6176620905731829,
  "nil_mind": 0.0868331034442615
}