{
  "nil_btc": 0.3440437244977816,
  "nil_eth": 0.41399673153448174,
  "nil_mind": -0.04516262364069473
}