{
  "nil_btc": 0.6984197251096433,
  "nil_eth": 0.7983388882918577,
  "nil_mind": 0.3634004142032669
}