{
  "nil_btc": 0.6281007303712796,
  "nil_eth": 0.598397468610825,
  "nil_mind": -0.08306263559232498
}