{
  "nil_btc": 0.5431704684602452,
  "nil_eth": 0.4979267366743555,
  "nil_mind": 0.3490164198689935
}