{
  "nil_btc": 0.4181032139921188,
  "nil_eth": 0.46055139548756974,
  "nil_mind": 0.28275126984365556
}