{
  "nil_btc": 0.5823871792860102,
  "nil_eth": 0.6377000863132185,
  "nil_mind": 0.3082391267142845
}