{
  "nil_btc": 0.2562067457064674,
  "nil_eth": 0.20452304437881086,
  "nil_mind": 0.06703456223584549
}