{
  "nil_btc": 0.6156258559581947,
  "nil_eth": 0.5716959063471788,
  "nil_mind": -0.0442201033305614
}