{
  "nil_btc": 0.5861795130052094,
  "nil_eth": 0.622676059700064,
  "nil_mind": 0.3166950277280117
}