{
  "nil_btc": 0.609930096728327,
  "nil_eth": 0.6176348043937424,
  "nil_mind": 0.24450959710879172
}