{
  "nil_btc": 0.42010398308649227,
  "nil_eth": 0.4582501084098949,
  "nil_mind": 0.109907676278085
}