{
  "nil_btc": 0.726946857071473,
  "nil_eth": 0.7868372781926557,
  "nil_mind": 0.22538909826213077
}