{
  "nil_btc": 0.5755232764512932,
  "nil_eth": 0.5524342872786611,
  "nil_mind": 0.4568544003305639
}