{
  "nil_btc": 0.6414140292317767,
  "nil_eth": 0.6256672659621758,
  "nil_mind": 0.3022400828724455
}