{
  "nil_btc": 0.5601298936962759,
  "nil_eth": 0.5121249520388406,
  "nil_mind": 0.07439639393996224
}