{
  "nil_btc": 0.29536213146411633,
  "nil_eth": 0.32771405142441784,
  "nil_mind": -0.06327008088508045
}