{
  "nil_btc": 0.6619083468336345,
  "nil_eth": 0.645555104963288,
  "nil_mind": 0.4099111231809726
}