{
  "nil_btc": 0.5350269861323826,
  "nil_eth": 0.4937746606695507,
  "nil_mind": 0.3544519330370034
}