{
  "nil_btc": 0.5863530711633302,
  "nil_eth": 0.6340159583567285,
  "nil_mind": 0.3067724510466578
}