{
  "nil_btc": 0.07338401676103741,
  "nil_eth": 0.04696562066242609,
  "nil_mind": -0.0030329831704133834
}