{
  "nil_btc": 0.5268470486503714,
  "nil_eth": 0.575780304815129,
  "nil_mind": 0.34593631474872694
}