{
  "nil_btc": 0.6095505341349862,
  "nil_eth": 0.5634683954158153,
  "nil_mind": -0.06559615488557585
}