{
  "nil_btc": 0.6342471179490128,
  "nil_eth": 0.7123674833960845,
  "nil_mind": 0.2563665938825861
}