{
  "nil_btc": 0.3327208642341242,
  "nil_eth": 0.4341734604990686,
  "nil_mind": 0.4072982062904902
}