{
  "nil_btc": 0.7932334516187672,
  "nil_eth": 0.7022518611942373,
  "nil_mind": 0.3508503719823916
}