{
  "nil_btc": 0.5407180120169308,
  "nil_eth": 0.5820779719899022,
  "nil_mind": 0.38358173936638096
}