{
  "nil_btc": 0.5607369283097701,
  "nil_eth": 0.5735371051006329,
  "nil_mind": 0.23164518208207044
}