{
  "nil_btc": 0.5915176953851129,
  "nil_eth": 0.6653537292815267,
  "nil_mind": 0.3085500274936624
}