{
  "nil_btc": 0.12206336067339688,
  "nil_eth": 0.11727287329250495,
  "nil_mind": 0.015390838999316358
}