{
  "nil_btc": 0.6232224081864693,
  "nil_eth": 0.594162920017466,
  "nil_mind": 0.20540351542688984
}