{
  "nil_btc": 0.9019297162584403,
  "nil_eth": 0.730057876438271,
  "nil_mind": 0.5251954889163409
}