{
  "nil_btc": 0.4541339255703527,
  "nil_eth": 0.5927438281444272,
  "nil_mind": 0.10030084081020055
}