{
  "nil_btc": -0.0040424469147284006,
  "nil_eth": -0.06642218198537422,
  "nil_mind": -0.08357536334396666
}