{
  "nil_btc": 0.43745314680787145,
  "nil_eth": 0.5959584640362923,
  "nil_mind": 0.023515478919288766
}