{
  "nil_btc": 0.3063950590773425,
  "nil_eth": 0.31497366781225106,
  "nil_mind": -0.21096348295372433
}