{
  "nil_btc": 0.6082026061310694,
  "nil_eth": 0.5883061316914261,
  "nil_mind": 0.32688738741478723
}