{
  "nil_btc": 0.4203105351625246,
  "nil_eth": 0.4583969649040452,
  "nil_mind": 0.26454629745814423
}