{
  "nil_btc": 0.41901678627658945,
  "nil_eth": 0.45952160152981614,
  "nil_mind": 0.26170601302356894
}