{
  "nil_btc": 0.5992836005370513,
  "nil_eth": 0.5770731077441527,
  "nil_mind": 0.3441032642169426
}