{
  "nil_btc": 0.43136880737776356,
  "nil_eth": 0.40014790736086125,
  "nil_mind": -0.23117416400093663
}