{
  "nil_btc": 0.6021887661621429,
  "nil_eth": 0.5262510342976848,
  "nil_mind": -0.1995494886630475
}