{
  "nil_btc": 0.3826781331334488,
  "nil_eth": 0.46811206837056996,
  "nil_mind": -0.24256541095100967
}