{
  "nil_btc": 0.3760845976779624,
  "nil_eth": 0.45509544505388416,
  "nil_mind": -0.2514157371545073
}