{
  "nil_btc": 0.8151835280518819,
  "nil_eth": 0.8453828225332297,
  "nil_mind": 0.4405124840923916
}