{
  "nil_btc": 0.6085544417377093,
  "nil_eth": 0.5967233020680605,
  "nil_mind": 0.22094747372991963
}