{
  "nil_btc": 0.41369622633363734,
  "nil_eth": 0.4202162641762906,
  "nil_mind": 0.08710363451861763
}