{
  "nil_btc": 0.6522475056807144,
  "nil_eth": 0.6038188271357477,
  "nil_mind": -0.056317895953152494
}