{
  "nil_btc": 0.4113898129400008,
  "nil_eth": 0.5477993695060475,
  "nil_mind": 0.6077696340576294
}