{
  "nil_btc": 0.6092404673832456,
  "nil_eth": 0.584270251332197,
  "nil_mind": 0.32979249223487145
}