{
  "nil_btc": 0.6677673664672815,
  "nil_eth": 0.7390772806770098,
  "nil_mind": 0.2891329748879773
}