{
  "nil_btc": 0.5867708448796781,
  "nil_eth": 0.5658027956164292,
  "nil_mind": 0.3242655988751691
}