{
  "nil_btc": 0.44641901582466176,
  "nil_eth": 0.4800055166175615,
  "nil_mind": -0.08747752339494536
}