{
  "nil_btc": 0.6140448198242228,
  "nil_eth": 0.5722493699895415,
  "nil_mind": 0.010723072842599136
}