{
  "nil_btc": 0.3423678850360287,
  "nil_eth": 0.2988399015385592,
  "nil_mind": 0.057037408721701724
}