{
  "nil_btc": 0.06502205686301864,
  "nil_eth": 0.014403559795878948,
  "nil_mind": -0.05884310744918954
}