{
  "nil_btc": 0.3492230235796196,
  "nil_eth": 0.41563154872963004,
  "nil_mind": 0.4200305809407104
}