{
  "nil_btc": 0.33948904034050326,
  "nil_eth": 0.40422204885665686,
  "nil_mind": -0.055205313881577824
}