{
  "nil_btc": 0.6194786209367166,
  "nil_eth": 0.5808445049733245,
  "nil_mind": -0.05848440865679382
}