{
  "nil_btc": 0.8322478543580207,
  "nil_eth": 0.7931947893341159,
  "nil_mind": -0.08962972979688821
}