{
  "nil_btc": 0.3609098494429603,
  "nil_eth": 0.45327992439154985,
  "nil_mind": -0.25057750730536366
}