{
  "nil_btc": 0.82693129753958,
  "nil_eth": 0.79732322042601,
  "nil_mind": 0.4982175693086588
}