{
  "nil_btc": 0.6101944070643716,
  "nil_eth": 0.6191322239997061,
  "nil_mind": 0.24240221588228705
}