{
  "nil_btc": 0.5785089829278989,
  "nil_eth": 0.5464287697467697,
  "nil_mind": -0.11266332110379683
}