{
  "nil_btc": 0.609515491446109,
  "nil_eth": 0.5673138453090744,
  "nil_mind": -0.043965203565744224
}