{
  "nil_btc": 0.6967256481270983,
  "nil_eth": 0.7254580469820076,
  "nil_mind": 0.39397104299125696
}