{
  "nil_btc": 0.268542234270279,
  "nil_eth": 0.32600445449603327,
  "nil_mind": 0.042891456611119386
}