{
  "nil_btc": 0.6049252038106984,
  "nil_eth": 0.6001195585054576,
  "nil_mind": 0.22112714666374475
}