{
  "nil_btc": 0.4173479940388695,
  "nil_eth": 0.46208527780398695,
  "nil_mind": 0.4129958894098324
}