{
  "nil_btc": 0.6660674675399104,
  "nil_eth": 0.6639979289821537,
  "nil_mind": 0.33717157396405906
}