{
  "nil_btc": 0.5859711365494232,
  "nil_eth": 0.6246925656032463,
  "nil_mind": 0.47865108623212904
}