{
  "nil_btc": 0.11364123166260777,
  "nil_eth": 0.10257940225932136,
  "nil_mind": 0.01922930105514343
}