{
  "nil_btc": 0.6585317552098094,
  "nil_eth": 0.7060995660009776,
  "nil_mind": 0.2680779405352076
}