{
  "nil_btc": 0.5157777503508023,
  "nil_eth": 0.5773307885661382,
  "nil_mind": 0.19700501702139192
}