{
  "nil_btc": 0.7605766846267011,
  "nil_eth": 0.6975267470029529,
  "nil_mind": 0.3103299862945035
}