{
  "nil_btc": 0.2581478031796252,
  "nil_eth": 0.38442433099286194,
  "nil_mind": -0.03159182237703246
}