{
  "nil_btc": 0.667708222643417,
  "nil_eth": 0.6348510257949146,
  "nil_mind": 0.29703051505233186
}