{
  "nil_btc": 0.12170714641884976,
  "nil_eth": 0.11795312765149703,
  "nil_mind": 0.015349803906032742
}