{
  "nil_btc": 0.09501825100120441,
  "nil_eth": 0.08673589232381804,
  "nil_mind": 0.016370730839723555
}