{
  "nil_btc": 0.6743623984989087,
  "nil_eth": 0.6354484207121347,
  "nil_mind": -0.05566969539084413
}