{
  "nil_btc": 0.5621985813603394,
  "nil_eth": 0.536929895863441,
  "nil_mind": -0.18154531566792714
}