{
  "nil_btc": 0.9996064022730524,
  "nil_eth": 0.9063338331359925,
  "nil_mind": 0.13838957183804934
}