{
  "nil_btc": 0.34452683217954216,
  "nil_eth": 0.4613467838546145,
  "nil_mind": 0.18456137622849542
}