{
  "nil_btc": 0.7511800830011248,
  "nil_eth": 0.6614813446220784,
  "nil_mind": -0.06623947810784502
}