{
  "nil_btc": 0.5508341338975357,
  "nil_eth": 0.57965042789307,
  "nil_mind": 0.20903476800271634
}