{
  "nil_btc": 0.6226929921938188,
  "nil_eth": 0.7013496609713956,
  "nil_mind": 0.27251239404163247
}