{
  "nil_btc": 0.7504839327828637,
  "nil_eth": 0.6951523559756458,
  "nil_mind": -0.22983313085399723
}