{
  "nil_btc": 0.7232095122718846,
  "nil_eth": 0.7154526003297982,
  "nil_mind": 0.3818054963782494
}