{
  "nil_btc": 0.580718687646327,
  "nil_eth": 0.5318569510218984,
  "nil_mind": 0.358418027891506
}