{
  "nil_btc": 0.60487498617871,
  "nil_eth": 0.5892823962888524,
  "nil_mind": 0.3363026952164698
}