{
  "nil_btc": 0.575474660262671,
  "nil_eth": 0.5769042013322464,
  "nil_mind": 0.24682662619547133
}