{
  "nil_btc": 0.6097024603783128,
  "nil_eth": 0.5944246107513388,
  "nil_mind": 0.22153885474533816
}