{
  "nil_btc": 0.42769605547540623,
  "nil_eth": 0.462140468019671,
  "nil_mind": 0.2745741348461085
}