{
  "nil_btc": 0.2818984048786287,
  "nil_eth": 0.34543065123720845,
  "nil_mind": 0.04297254934636583
}