{
  "nil_btc": 0.5692325650330855,
  "nil_eth": 0.5526780203972045,
  "nil_mind": 0.4604000799864991
}