{
  "nil_btc": 0.1338831173166827,
  "nil_eth": 0.12545196778366963,
  "nil_mind": 0.019118220288571075
}