{
  "nil_btc": 0.7929562308385836,
  "nil_eth": 0.6739591366186798,
  "nil_mind": -0.10754275814002259
}