{
  "nil_btc": 0.36252662062549523,
  "nil_eth": 0.42970940648967704,
  "nil_mind": -0.06993313500625524
}