{
  "nil_btc": -0.03142725136304367,
  "nil_eth": -0.07258970424824986,
  "nil_mind": -0.094191412316372
}