{
  "nil_btc": 0.5847722534932648,
  "nil_eth": 0.592880831108521,
  "nil_mind": 0.24738190855014075
}