{
  "nil_btc": 0.6968173903468501,
  "nil_eth": 0.6854559311475777,
  "nil_mind": 0.42676332270216455
}