{
  "nil_btc": 0.4962392145436163,
  "nil_eth": 0.5593125766107601,
  "nil_mind": 0.4308738866705217
}