{
  "nil_btc": 0.11389875345743808,
  "nil_eth": 0.10215070414458335,
  "nil_mind": 0.02421171163921629
}