{
  "nil_btc": 0.4281036611032304,
  "nil_eth": 0.46133519107347465,
  "nil_mind": 0.2721280885932695
}