{
  "nil_btc": 0.4514463994629257,
  "nil_eth": 0.3110432362057612,
  "nil_mind": -0.0038271542511101016
}