{
  "nil_btc": 0.6063206364114172,
  "nil_eth": 0.6684628230690602,
  "nil_mind": 0.3188562908214572
}