{
  "nil_btc": 0.6659702649734961,
  "nil_eth": 0.6306962742327888,
  "nil_mind": -0.07514475815423322
}