{
  "nil_btc": 0.4384923492818619,
  "nil_eth": 0.4821310222063469,
  "nil_mind": 0.00777621822133419
}