{
  "nil_btc": 0.051119457445724076,
  "nil_eth": 0.029025919693932232,
  "nil_mind": -0.05770245315869907
}