{
  "nil_btc": 0.6162816980209759,
  "nil_eth": 0.6009860713884395,
  "nil_mind": 0.2084225071730163
}