{
  "nil_btc": 0.39501238314126946,
  "nil_eth": 0.4507068579683216,
  "nil_mind": 0.003581214058917786
}