{
  "nil_btc": 0.4212004514402035,
  "nil_eth": 0.4583283747785366,
  "nil_mind": 0.256139369284405
}