{
  "nil_btc": 0.7235243594914709,
  "nil_eth": 0.6277856182325654,
  "nil_mind": -0.11377380971019978
}