{
  "nil_btc": 0.7407772130238702,
  "nil_eth": 0.6790393085889321,
  "nil_mind": 0.3062998670140749
}