{
  "nil_btc": 0.3076328533114033,
  "nil_eth": 0.4238890182890659,
  "nil_mind": 0.19424583597177006
}