{
  "nil_btc": 0.05062086666864721,
  "nil_eth": 0.027476524356261935,
  "nil_mind": -0.04087489087252379
}