{
  "nil_btc": 0.10310663796305009,
  "nil_eth": 0.0917664301341122,
  "nil_mind": 0.01317388959656654
}