{
  "nil_btc": 0.7480807666139725,
  "nil_eth": 0.6678923467743837,
  "nil_mind": 0.3166427221721691
}