{
  "nil_btc": 0.06577924961646726,
  "nil_eth": 0.04361474953917146,
  "nil_mind": -0.010697206072013498
}