{
  "nil_btc": 0.5312989368762644,
  "nil_eth": 0.5329588698671245,
  "nil_mind": -0.17887184446591983
}