{
  "nil_btc": 0.6043039240565005,
  "nil_eth": 0.5736602103680605,
  "nil_mind": 0.3340832114964418
}