{
  "nil_btc": 0.5572959610760294,
  "nil_eth": 0.6452282873851711,
  "nil_mind": 0.24001321438741358
}