{
  "nil_btc": 0.4219576021875226,
  "nil_eth": 0.47080873835087733,
  "nil_mind": 0.0013630449179469755
}