{
  "nil_btc": 0.8799981455858658,
  "nil_eth": 0.736769959884639,
  "nil_mind": 0.5137316853255809
}