{
  "nil_btc": 0.5213883817654982,
  "nil_eth": 0.6126714751386415,
  "nil_mind": 0.25062905276144526
}