{
  "nil_btc": 0.7625041434423159,
  "nil_eth": 0.7481976666270981,
  "nil_mind": 0.47148259668674
}