{
  "nil_btc": 0.7932378931906007,
  "nil_eth": 0.7021579490635219,
  "nil_mind": 0.3508070854887614
}