{
  "nil_btc": 0.5743461141424381,
  "nil_eth": 0.5533948263286824,
  "nil_mind": -0.1831019381925104
}