{
  "nil_btc": 0.5717731423075707,
  "nil_eth": 0.5527750873271849,
  "nil_mind": -0.1840532976209753
}