{
  "nil_btc": 0.5745771168377769,
  "nil_eth": 0.55229948960716,
  "nil_mind": 0.3358834668691176
}