{
  "nil_btc": 0.3492895918643803,
  "nil_eth": 0.36985467176566683,
  "nil_mind": 0.23920477013701522
}