{
  "nil_btc": 0.853265603414696,
  "nil_eth": 0.8004793881860175,
  "nil_mind": -0.1127152447434007
}