{
  "nil_btc": 0.6083740406982311,
  "nil_eth": 0.6112678560681991,
  "nil_mind": 0.22593072998791924
}