{
  "nil_btc": 0.0006767171975011077,
  "nil_eth": -0.08027346935004002,
  "nil_mind": -0.07872862406992355
}