{
  "nil_btc": 0.874173476558754,
  "nil_eth": 0.735069966707179,
  "nil_mind": 0.5092775955190398
}