{
  "nil_btc": 0.43457679607925886,
  "nil_eth": 0.46666707861636575,
  "nil_mind": 0.2626313295244152
}