{
  "nil_btc": 0.5541057767747215,
  "nil_eth": 0.6084488910366757,
  "nil_mind": 0.3306144360214485
}