{
  "nil_btc": 0.5913768305859111,
  "nil_eth": 0.6664883337465598,
  "nil_mind": 0.30805842828367597
}