{
  "nil_btc": 0.5619905617470077,
  "nil_eth": 0.6160344011742406,
  "nil_mind": 0.03486176969193027
}