{
  "nil_btc": 0.5752193284730814,
  "nil_eth": 0.5450050138104892,
  "nil_mind": -0.12132436449693211
}