{
  "nil_btc": 0.4525702997109647,
  "nil_eth": 0.4521487332928225,
  "nil_mind": 0.27557306224468586
}