{
  "nil_btc": 0.38891118448791157,
  "nil_eth": 0.45296425886864927,
  "nil_mind": -0.07382683264319231
}