{
  "nil_btc": 0.8003879888801148,
  "nil_eth": 0.7402000385436036,
  "nil_mind": 0.42431969557156574
}