{
  "nil_btc": 0.7678990085315299,
  "nil_eth": 0.6927124960923571,
  "nil_mind": 0.35094100293494157
}