{
  "nil_btc": 0.6126104439560827,
  "nil_eth": 0.6139213913825409,
  "nil_mind": 0.24291868044186082
}