{
  "nil_btc": 0.40209411373762927,
  "nil_eth": 0.4609813066698135,
  "nil_mind": 0.34607463532978805
}