{
  "nil_btc": 0.6841285826584932,
  "nil_eth": 0.7265097246130273,
  "nil_mind": 0.31133271285575675
}