{
  "nil_btc": 0.262575927223182,
  "nil_eth": 0.2390527586260495,
  "nil_mind": 0.2104583012050211
}