{
  "nil_btc": 0.4275239340324932,
  "nil_eth": 0.4848361796959926,
  "nil_mind": 0.20016649187862268
}