{
  "nil_btc": 0.8208086852972419,
  "nil_eth": 0.8783180882713272,
  "nil_mind": 0.5216585619181209
}