{
  "nil_btc": 0.3313863103145079,
  "nil_eth": 0.4115431346016357,
  "nil_mind": 0.19062703755896707
}