{
  "nil_btc": 0.7196952226810794,
  "nil_eth": 0.7129862163057377,
  "nil_mind": 0.377073555681126
}