{
  "nil_btc": 0.45298289205684616,
  "nil_eth": 0.45665699455999564,
  "nil_mind": 0.11515292256505794
}