{
  "nil_btc": -0.1404140962859972,
  "nil_eth": -0.1428344600539047,
  "nil_mind": -0.08933307841129719
}