{
  "nil_btc": 0.5797728733011485,
  "nil_eth": 0.5566102376262745,
  "nil_mind": -0.14039018857959548
}