{
  "nil_btc": 0.620201261432745,
  "nil_eth": 0.589758604322696,
  "nil_mind": -0.07085095641567782
}