{
  "nil_btc": 0.5565856468777289,
  "nil_eth": 0.5129788507508862,
  "nil_mind": -0.2036961686922107
}