{
  "nil_btc": 0.5302735670721072,
  "nil_eth": 0.48458410629139964,
  "nil_mind": -0.1869229257177846
}