{
  "nil_btc": -0.01711731683367259,
  "nil_eth": -0.07576680659359426,
  "nil_mind": -0.11082270457554118
}