{
  "nil_btc": 0.42885384559026873,
  "nil_eth": 0.47931142038296043,
  "nil_mind": 0.08612846421865578
}