{
  "nil_btc": 0.36768077503277447,
  "nil_eth": 0.43708940189032996,
  "nil_mind": -0.07928815431168174
}