{
  "nil_btc": 0.3310272979472185,
  "nil_eth": 0.39466774036901425,
  "nil_mind": 0.22942165530563827
}