{
  "nil_btc": 0.5485395329443287,
  "nil_eth": 0.6070805722969367,
  "nil_mind": 0.3468960914937105
}