{
  "nil_btc": 0.5580640404172551,
  "nil_eth": 0.5796822988698285,
  "nil_mind": 0.23932014210630762
}