{
  "nil_btc": 0.5151835253208782,
  "nil_eth": 0.546257195629279,
  "nil_mind": 0.4155649995662051
}