{
  "nil_btc": 0.5700333521271357,
  "nil_eth": 0.6473813629525634,
  "nil_mind": 0.28476362354909585
}