{
  "nil_btc": 0.7479018857867812,
  "nil_eth": 0.6674239548345935,
  "nil_mind": 0.316957910839397
}