{
  "nil_btc": 0.7648724100897074,
  "nil_eth": 0.737733192779977,
  "nil_mind": -0.2336245328806973
}