{
  "nil_btc": 0.5130814843148678,
  "nil_eth": 0.5720277179718751,
  "nil_mind": 0.45931898577030633
}