{
  "nil_btc": 0.43428850705765953,
  "nil_eth": 0.48007762287213857,
  "nil_mind": 0.032685004912704284
}