{
  "nil_btc": 0.5814479671899442,
  "nil_eth": 0.5507146437780807,
  "nil_mind": -0.1338750885196657
}