{
  "nil_btc": 0.5935340163048664,
  "nil_eth": 0.6357250546429896,
  "nil_mind": 0.47967175413630403
}