{
  "nil_btc": 0.7638334651316337,
  "nil_eth": 0.6637085808157283,
  "nil_mind": -0.11448889064516256
}