{
  "nil_btc": 0.3165687709788323,
  "nil_eth": 0.425973703159629,
  "nil_mind": 0.201729377689052
}