{
  "nil_btc": 0.11385930862983243,
  "nil_eth": 0.11047143397498384,
  "nil_mind": 0.019360075935276538
}