{
  "nil_btc": 0.6061524277314414,
  "nil_eth": 0.5959963787696854,
  "nil_mind": 0.22419052241325196
}