{
  "nil_btc": 0.6711535913589002,
  "nil_eth": 0.4962102777471264,
  "nil_mind": 0.4726185740659477
}