{
  "nil_btc": 0.30831613177324557,
  "nil_eth": 0.31795240448370626,
  "nil_mind": -0.1947117814361656
}