{
  "nil_btc": 0.7031582916972191,
  "nil_eth": 0.6494526036794457,
  "nil_mind": 0.30311494685751955
}