{
  "nil_btc": 0.7406617229086047,
  "nil_eth": 0.6788841498862619,
  "nil_mind": 0.30545656405329485
}