{
  "nil_btc": 0.5673368155180885,
  "nil_eth": 0.646588380284134,
  "nil_mind": 0.32088242370360853
}