{
  "nil_btc": 0.4677936237758153,
  "nil_eth": 0.6224976724193175,
  "nil_mind": 0.08318961919552993
}