{
  "nil_btc": 0.2811068693916155,
  "nil_eth": 0.33329560133035546,
  "nil_mind": -0.17396135482196093
}