{
  "nil_btc": 0.6179324997673254,
  "nil_eth": 0.6271105702943492,
  "nil_mind": 0.24071718764067565
}