{
  "nil_btc": 0.6669314907385103,
  "nil_eth": 0.6622553645591992,
  "nil_mind": 0.2669243600937488
}