{
  "nil_btc": 0.4876053375693769,
  "nil_eth": 0.4826669124228408,
  "nil_mind": 0.10324790919746485
}