{
  "nil_btc": 0.4464194242849018,
  "nil_eth": 0.4659674508410818,
  "nil_mind": 0.2722211328080221
}