{
  "nil_btc": 0.3877122649463164,
  "nil_eth": 0.4270010303870511,
  "nil_mind": -0.09723691525173322
}