{
  "nil_btc": 0.3342200321398719,
  "nil_eth": 0.39414167689747404,
  "nil_mind": 0.20009636805212894
}