{
  "nil_btc": 0.36780649103200536,
  "nil_eth": 0.43930010284836823,
  "nil_mind": -0.07176369808623202
}