{
  "nil_btc": 0.4291019096726103,
  "nil_eth": 0.475179289592914,
  "nil_mind": 0.11756805586673857
}