{
  "nil_btc": 0.7833314043825169,
  "nil_eth": 0.7277760453678153,
  "nil_mind": 0.4072952694769927
}