{
  "nil_btc": 0.12625029503866314,
  "nil_eth": 0.11653276101818198,
  "nil_mind": 0.021508796245647485
}