{
  "nil_btc": 0.5838859097946916,
  "nil_eth": 0.5587665492757156,
  "nil_mind": -0.1211493800114907
}