{
  "nil_btc": 0.7571335089718452,
  "nil_eth": 0.6526253872355763,
  "nil_mind": -0.12809940747625445
}