{
  "nil_btc": 0.7006498072329557,
  "nil_eth": 0.8013524577649814,
  "nil_mind": 0.37732508428374356
}