{
  "nil_btc": 0.7234859445778213,
  "nil_eth": 0.7173244373246238,
  "nil_mind": 0.25621234608508275
}