{
  "nil_btc": 0.45426445779964364,
  "nil_eth": 0.5957172380019807,
  "nil_mind": 0.058021865120253896
}