{
  "nil_btc": 0.3277533117150666,
  "nil_eth": 0.3888485064956528,
  "nil_mind": 0.020763871519434283
}