{
  "nil_btc": 0.6630574328294971,
  "nil_eth": 0.6478068601613591,
  "nil_mind": 0.3317676223202795
}