{
  "nil_btc": 0.6115742999399513,
  "nil_eth": 0.6168893630172908,
  "nil_mind": 0.2276935887915399
}