{
  "nil_btc": 0.4217463606363118,
  "nil_eth": 0.42552789238149225,
  "nil_mind": 0.2934851655479901
}