{
  "nil_btc": 0.3335585803483449,
  "nil_eth": 0.3138192154783771,
  "nil_mind": 0.4229059589097741
}