{
  "nil_btc": 0.5939174292028618,
  "nil_eth": 0.583320869457305,
  "nil_mind": 0.34038400443161326
}