{
  "nil_btc": 0.6195458121533602,
  "nil_eth": 0.6278343115760923,
  "nil_mind": 0.24089381308278424
}