{
  "nil_btc": 0.6937227309961936,
  "nil_eth": 0.7406575802702493,
  "nil_mind": 0.2973269693830384
}