{
  "nil_btc": 0.35678941486317856,
  "nil_eth": 0.6326005775498885,
  "nil_mind": 0.150359773469498
}