{
  "nil_btc": 0.7399022800692445,
  "nil_eth": 0.6338012633231858,
  "nil_mind": -0.10210590962756701
}