{
  "nil_btc": 0.5343727236393722,
  "nil_eth": 0.5321625697555804,
  "nil_mind": -0.1709068899041989
}