{
  "nil_btc": 0.6035038659263385,
  "nil_eth": 0.47925036145908334,
  "nil_mind": 0.11310502537828189
}