{
  "nil_btc": 0.548328343113748,
  "nil_eth": 0.540482878241139,
  "nil_mind": -0.16851393510722448
}