{
  "nil_btc": 0.33592870733710356,
  "nil_eth": 0.3947539602938575,
  "nil_mind": -0.04696038995213345
}