{
  "nil_btc": 0.39882347254435796,
  "nil_eth": 0.557619153244887,
  "nil_mind": 0.5228998993575226
}