{
  "nil_btc": 0.5981574784707172,
  "nil_eth": 0.5688279275436342,
  "nil_mind": -0.06244078149425468
}