{
  "nil_btc": -0.16884565903044327,
  "nil_eth": -0.2283283459830607,
  "nil_mind": -0.10965611428009084
}