{
  "nil_btc": 0.09405402585735707,
  "nil_eth": 0.06812503160743526,
  "nil_mind": -0.013236896691939254
}