{
  "nil_btc": 0.7635274515504143,
  "nil_eth": 0.6960573885437789,
  "nil_mind": 0.31877859890187765
}