{
  "nil_btc": 0.6390336139316023,
  "nil_eth": 0.6229008255508035,
  "nil_mind": 0.3250907313179755
}