{
  "nil_btc": 0.4278941575063466,
  "nil_eth": 0.476967886592701,
  "nil_mind": 0.0466172159185161
}