{
  "nil_btc": 0.12595645934179353,
  "nil_eth": 0.11616366210105719,
  "nil_mind": 0.010367486290889946
}