{
  "nil_btc": 0.13458264485364563,
  "nil_eth": 0.12517240503541197,
  "nil_mind": 0.012455412480146064
}