{
  "nil_btc": 0.5114333498588582,
  "nil_eth": 0.5314391075616889,
  "nil_mind": 0.3451324079579658
}