{
  "nil_btc": 0.21553397567897525,
  "nil_eth": 0.19114398915441175,
  "nil_mind": 0.167381762483571
}