{
  "nil_btc": 0.4470823205059634,
  "nil_eth": 0.46756291110016385,
  "nil_mind": 0.27042979736559486
}