{
  "nil_btc": 0.5862473206541405,
  "nil_eth": 0.5636324234421892,
  "nil_mind": -0.08613060047730742
}