{
  "nil_btc": 0.5656917066025519,
  "nil_eth": 0.6191347272144605,
  "nil_mind": 0.3113861429871745
}