{
  "nil_btc": 0.764158698029278,
  "nil_eth": 0.7344311045491948,
  "nil_mind": -0.21325159391217557
}