{
  "nil_btc": 0.7850648163194676,
  "nil_eth": 0.8191419359004816,
  "nil_mind": 0.34888228171962415
}