{
  "nil_btc": 0.48092305984567474,
  "nil_eth": 0.5507399899473895,
  "nil_mind": 0.40951276954359367
}