{
  "nil_btc": 0.800731654968621,
  "nil_eth": 0.7258666571808662,
  "nil_mind": 0.35298454551073233
}