{
  "nil_btc": 0.33470738784011206,
  "nil_eth": 0.40447120327269137,
  "nil_mind": -0.061353884884295315
}