{
  "nil_btc": 0.5046804202945377,
  "nil_eth": 0.6698873200262686,
  "nil_mind": 0.261857829056107
}