{
  "nil_btc": 0.43973671367007655,
  "nil_eth": 0.4794856691871269,
  "nil_mind": -0.12230848399034279
}