{
  "nil_btc": 0.4636694600864776,
  "nil_eth": 0.48133803031727107,
  "nil_mind": 0.26038969713813753
}