{
  "nil_btc": 0.6232805748896914,
  "nil_eth": 0.702083118083308,
  "nil_mind": 0.2695956127043105
}