{
  "nil_btc": 0.7566336296599666,
  "nil_eth": 0.7715763805765516,
  "nil_mind": 0.3983270277015281
}