{
  "nil_btc": 0.7855432687349502,
  "nil_eth": 0.7088853868306862,
  "nil_mind": 0.4799207401544894
}