{
  "nil_btc": 0.6139118648687037,
  "nil_eth": 0.5577542907160797,
  "nil_mind": 0.33613257666280355
}