{
  "nil_btc": 0.5824632394862712,
  "nil_eth": 0.5610326884460195,
  "nil_mind": 0.34758355543561564
}