{
  "nil_btc": 0.659496922041352,
  "nil_eth": 0.7195406309837644,
  "nil_mind": 0.27037310397784076
}