{
  "nil_btc": 0.21970482853026368,
  "nil_eth": 0.16084833529308717,
  "nil_mind": 0.05294117575997742
}