{
  "nil_btc": 0.3842164873920094,
  "nil_eth": 0.46626181790272714,
  "nil_mind": 0.41269401238769937
}