{
  "nil_btc": 0.5851551280471978,
  "nil_eth": 0.6242341333877269,
  "nil_mind": 0.2673603739044823
}