{
  "nil_btc": 0.5716569831625361,
  "nil_eth": 0.5240849371356773,
  "nil_mind": 0.0437145050092481
}