{
  "nil_btc": 0.703250053254948,
  "nil_eth": 0.6495391959394967,
  "nil_mind": 0.3031987314613413
}