{
  "nil_btc": 0.09645671076259474,
  "nil_eth": 0.08063346923295142,
  "nil_mind": -0.02685605596375207
}