{
  "nil_btc": 0.5848368302705348,
  "nil_eth": 0.6606711613896384,
  "nil_mind": 0.2775046490690727
}