{
  "nil_btc": 0.6800798916363635,
  "nil_eth": 0.6349392792232891,
  "nil_mind": 0.30045041481897755
}