{
  "nil_btc": 0.6071642499158688,
  "nil_eth": 0.5628632238532869,
  "nil_mind": -0.06841384612637244
}