{
  "nil_btc": 0.4285542912159005,
  "nil_eth": 0.4638871973942431,
  "nil_mind": -0.12646684817160378
}