{
  "nil_btc": 0.5248671042738142,
  "nil_eth": 0.5297043203232559,
  "nil_mind": -0.17736670933789336
}