{
  "nil_btc": 0.6728682528865094,
  "nil_eth": 0.5255620889050031,
  "nil_mind": -0.08781725814653937
}