{
  "nil_btc": 0.3278465947444096,
  "nil_eth": 0.3968594571356134,
  "nil_mind": -0.045499507582717584
}