{
  "nil_btc": 0.483126743898673,
  "nil_eth": 0.4929739145540007,
  "nil_mind": 0.4041188688917654
}