{
  "nil_btc": 0.5503858909958245,
  "nil_eth": 0.5751229386512314,
  "nil_mind": 0.24767025566342069
}