{
  "nil_btc": 0.7509549848093651,
  "nil_eth": 0.6886465862790867,
  "nil_mind": -0.12188261196289031
}