{
  "nil_btc": 0.5965435869928802,
  "nil_eth": 0.5821105447476685,
  "nil_mind": 0.33780711972437333
}