{
  "nil_btc": 0.7474340313751138,
  "nil_eth": 0.6827831126283458,
  "nil_mind": 0.3134315871552891
}