{
  "nil_btc": 0.6157054707967026,
  "nil_eth": 0.6242140265480602,
  "nil_mind": 0.23981145190674935
}