{
  "nil_btc": 0.25751146399479524,
  "nil_eth": 0.3908350008375327,
  "nil_mind": 0.00033473933546704734
}