{
  "nil_btc": 0.38493968495233294,
  "nil_eth": 0.43847049021120743,
  "nil_mind": 0.3577524018003138
}