{
  "nil_btc": 0.6095205198037549,
  "nil_eth": 0.5629977121193471,
  "nil_mind": -0.053437972659803996
}