{
  "nil_btc": 0.7763253739814778,
  "nil_eth": 0.6929377812126603,
  "nil_mind": 0.4083086079721392
}