{
  "nil_btc": 0.6872804424995737,
  "nil_eth": 0.7392469355326308,
  "nil_mind": 0.28983682251477294
}