{
  "nil_btc": 0.5755979194824089,
  "nil_eth": 0.5540459267309599,
  "nil_mind": -0.18287400730639136
}