{
  "nil_btc": 0.11593169269620372,
  "nil_eth": 0.11239464737440874,
  "nil_mind": 0.018910083576383
}