{
  "nil_btc": 0.09770551458999202,
  "nil_eth": 0.08713928914489963,
  "nil_mind": 0.013966975579781807
}