{
  "nil_btc": 0.7174429472519341,
  "nil_eth": 0.7263206727901833,
  "nil_mind": 0.23482385369446412
}