{
  "nil_btc": 0.5229987607725587,
  "nil_eth": 0.534493463493391,
  "nil_mind": 0.27087417879444015
}