{
  "nil_btc": -0.007726248447857413,
  "nil_eth": -0.07851171955933957,
  "nil_mind": -0.07924220821444102
}