{
  "nil_btc": 0.6023797851916639,
  "nil_eth": 0.5608432675323215,
  "nil_mind": 0.3340155394985651
}