{
  "nil_btc": 0.5885374604203621,
  "nil_eth": 0.6708515030968106,
  "nil_mind": 0.3039975426896119
}