{
  "nil_btc": 0.8155723987344253,
  "nil_eth": 0.765810291433529,
  "nil_mind": -0.037576360414791406
}