{
  "nil_btc": 0.34724926995123484,
  "nil_eth": 0.44033390700270014,
  "nil_mind": -0.18614805672445978
}