{
  "nil_btc": 0.5958348348336381,
  "nil_eth": 0.6634040888838371,
  "nil_mind": 0.1034056759204853
}