{
  "nil_btc": 0.11521559346500655,
  "nil_eth": 0.11284504088222432,
  "nil_mind": 0.01600383613694448
}