{
  "nil_btc": 0.5952703413776428,
  "nil_eth": 0.5796106341585536,
  "nil_mind": 0.3340820024171119
}