{
  "nil_btc": 0.47440555845852717,
  "nil_eth": 0.6134841779744307,
  "nil_mind": 0.1669543216229661
}