{
  "nil_btc": 0.13747402651488014,
  "nil_eth": 0.12861473011344315,
  "nil_mind": 0.02120663160703969
}