{
  "nil_btc": 0.11527669373731957,
  "nil_eth": 0.10489469838343682,
  "nil_mind": 0.020963672455958506
}