{
  "nil_btc": 0.7721993632081905,
  "nil_eth": 0.7430002251823925,
  "nil_mind": 0.702171326025199
}