{
  "nil_btc": 0.2995130823968935,
  "nil_eth": 0.4208476352556462,
  "nil_mind": 0.1554169993134345
}