{
  "nil_btc": 0.4585003985801799,
  "nil_eth": 0.6143031676406823,
  "nil_mind": 0.08404207642520357
}