{
  "nil_btc": 0.44298902077666075,
  "nil_eth": 0.4741472678610312,
  "nil_mind": 0.2663546343736062
}