{
  "nil_btc": 0.5300957829211056,
  "nil_eth": 0.5042813506286381,
  "nil_mind": 0.10998641041240843
}