{
  "nil_btc": 0.8206455905638184,
  "nil_eth": 0.8769227791142994,
  "nil_mind": 0.5172627271303603
}