{
  "nil_btc": 0.7709916912723123,
  "nil_eth": 0.7504486723114526,
  "nil_mind": 0.3198624554559183
}