{
  "nil_btc": 0.13059147110945846,
  "nil_eth": 0.12067268914610398,
  "nil_mind": 0.015029578936773251
}