{
  "nil_btc": -0.11218166437013853,
  "nil_eth": -0.15907391658789008,
  "nil_mind": -0.06574501241118287
}