{
  "nil_btc": 0.07154638397647278,
  "nil_eth": 0.057017891671663094,
  "nil_mind": -0.02739398618735961
}