{
  "nil_btc": 0.3178169801581225,
  "nil_eth": 0.3883881791564916,
  "nil_mind": -0.06896589571234636
}