{
  "nil_btc": 0.4080089028621478,
  "nil_eth": 0.404622845470944,
  "nil_mind": 0.08915008852886981
}