{
  "nil_btc": 0.11900374683549321,
  "nil_eth": 0.09521463511249856,
  "nil_mind": -0.002656446140305106
}