{
  "nil_btc": 0.5882841121647597,
  "nil_eth": 0.6582159871443735,
  "nil_mind": 0.31609263331679704
}