{
  "nil_btc": 0.3341106745048328,
  "nil_eth": 0.2958476551605461,
  "nil_mind": 0.10090480931925346
}