{
  "nil_btc": 0.6511883149151289,
  "nil_eth": 0.5380093007657898,
  "nil_mind": 0.024239950454392777
}