{
  "nil_btc": 0.28180265962096,
  "nil_eth": 0.3512917475421809,
  "nil_mind": 0.019729866037637933
}