{
  "nil_btc": 0.3832602490266294,
  "nil_eth": 0.42787367919097774,
  "nil_mind": -0.09522977210260128
}