{
  "nil_btc": 0.7296819903887622,
  "nil_eth": 0.667400714960669,
  "nil_mind": -0.037434103722015506
}