{
  "nil_btc": 0.5686569015064822,
  "nil_eth": 0.6098878392912779,
  "nil_mind": 0.34658193265814585
}