{
  "nil_btc": 0.5383578954522864,
  "nil_eth": 0.5003494888409061,
  "nil_mind": 0.3478594905302806
}