{
  "nil_btc": 0.6065506823844765,
  "nil_eth": 0.6118349235201932,
  "nil_mind": 0.22621713957478234
}