{
  "nil_btc": 0.6712372078868567,
  "nil_eth": 0.7224263837751007,
  "nil_mind": 0.2757446215910624
}