{
  "nil_btc": 0.33393478120443404,
  "nil_eth": 0.4130500156474901,
  "nil_mind": 0.1863832140001584
}