{
  "nil_btc": 0.5623122780188257,
  "nil_eth": 0.5778850988454525,
  "nil_mind": 0.37985410061072594
}