{
  "nil_btc": 0.4635969931772964,
  "nil_eth": 0.5824316115650235,
  "nil_mind": 0.48889096637453483
}