{
  "nil_btc": 0.5195734053216804,
  "nil_eth": 0.5496775295642947,
  "nil_mind": 0.29285812989077586
}