{
  "nil_btc": -0.031721465196298176,
  "nil_eth": -0.08934520103319996,
  "nil_mind": -0.11351576335240048
}