{
  "nil_btc": 0.27825909019804873,
  "nil_eth": 0.37979776018891415,
  "nil_mind": 0.2116952650096862
}