{
  "nil_btc": 0.25360636926510627,
  "nil_eth": 0.3573986854782544,
  "nil_mind": 0.21448780753057758
}