{
  "nil_btc": 0.45793008284923364,
  "nil_eth": 0.4769005619301508,
  "nil_mind": 0.25812687539879386
}