{
  "nil_btc": 0.28727096556391707,
  "nil_eth": 0.36921695841634156,
  "nil_mind": -0.2386043238340759
}