{
  "nil_btc": 0.3222290891737445,
  "nil_eth": 0.4397862469621645,
  "nil_mind": 0.16474264119258542
}