{
  "nil_btc": 0.1345128273208012,
  "nil_eth": 0.12452359634088737,
  "nil_mind": 0.02236560073176705
}