{
  "nil_btc": 0.616477934710721,
  "nil_eth": 0.6964066177997532,
  "nil_mind": 0.08321432896044624
}