{
  "nil_btc": 0.42448527163939614,
  "nil_eth": 0.465136571267597,
  "nil_mind": 0.2667445384245985
}