{
  "nil_btc": 0.12987191520738403,
  "nil_eth": 0.1211701194985827,
  "nil_mind": 0.016118279457711673
}