{
  "nil_btc": 0.44015564884022074,
  "nil_eth": 0.4397834699624416,
  "nil_mind": 0.3224497551170241
}