{
  "nil_btc": 0.5582437328499139,
  "nil_eth": 0.5750644969932642,
  "nil_mind": 0.2275197465176726
}