{
  "nil_btc": 0.2198266619927803,
  "nil_eth": 0.32638851229460364,
  "nil_mind": -0.021498501817347564
}