{
  "nil_btc": 0.5133626002285439,
  "nil_eth": 0.587396212391441,
  "nil_mind": 0.37018223148458945
}