{
  "nil_btc": 0.7341516478599002,
  "nil_eth": 0.6454214133705068,
  "nil_mind": -0.03748719991121416
}