{
  "nil_btc": 0.5395863146963986,
  "nil_eth": 0.5512824251805477,
  "nil_mind": 0.35126932399054533
}