{
  "nil_btc": 0.5641901421400937,
  "nil_eth": 0.5939250141195594,
  "nil_mind": 0.4371413960923242
}