{
  "nil_btc": 0.5859456659008829,
  "nil_eth": 0.5597451910442375,
  "nil_mind": -0.11154699739704
}