{
  "nil_btc": 0.5973020286643571,
  "nil_eth": 0.5724610660066601,
  "nil_mind": 0.35209226184976783
}