{
  "nil_btc": 0.6347094463010146,
  "nil_eth": 0.6183033572637079,
  "nil_mind": 0.23021016673186248
}