{
  "nil_btc": 0.3906910600633314,
  "nil_eth": 0.4491270687608298,
  "nil_mind": -0.2055250413883248
}