{
  "nil_btc": 0.7727509421698582,
  "nil_eth": 0.7863062413889144,
  "nil_mind": 0.31005913446191363
}