{
  "nil_btc": 0.5714599961873378,
  "nil_eth": 0.5376080337214586,
  "nil_mind": 0.053909074237702165
}