{
  "nil_btc": 0.25901954137501043,
  "nil_eth": 0.38377290160074157,
  "nil_mind": -0.02826852159414478
}