{
  "nil_btc": 0.09855876368918033,
  "nil_eth": 0.07267901523528242,
  "nil_mind": -0.02505273752461848
}