{
  "nil_btc": 0.10956480530924552,
  "nil_eth": 0.09624472307259843,
  "nil_mind": 0.014437036553197708
}