{
  "nil_btc": 0.7778354757003613,
  "nil_eth": 0.8400245366444469,
  "nil_mind": 0.44415396344103497
}