{
  "nil_btc": 0.7827546366879381,
  "nil_eth": 0.7821345383606557,
  "nil_mind": 0.4233808113299615
}