{
  "nil_btc": 0.363125519225483,
  "nil_eth": 0.42643854469750864,
  "nil_mind": -0.21230232515505268
}