{
  "nil_btc": 0.5801116750491707,
  "nil_eth": 0.5598518335960982,
  "nil_mind": -0.14539882149263356
}