{
  "nil_btc": 0.5408548713777486,
  "nil_eth": 0.6037253679547132,
  "nil_mind": 0.34738046143701534
}