{
  "nil_btc": 0.5854493023765209,
  "nil_eth": 0.5829063094319252,
  "nil_mind": 0.2502689877307677
}