{
  "nil_btc": 0.13293113567868808,
  "nil_eth": 0.12231397647322946,
  "nil_mind": 0.024220815450889437
}