{
  "nil_btc": 0.7961976381583126,
  "nil_eth": 0.7402535063209362,
  "nil_mind": 0.4239099209837829
}