{
  "nil_btc": 0.11204777775804305,
  "nil_eth": 0.10782373554307982,
  "nil_mind": 0.019385443084320386
}