{
  "nil_btc": 0.36137080854646697,
  "nil_eth": 0.4262984850606076,
  "nil_mind": -0.06315017009184412
}