{
  "nil_btc": 0.6171165155935954,
  "nil_eth": 0.6966311711856144,
  "nil_mind": 0.13865385634473232
}