{
  "nil_btc": 0.728087441602211,
  "nil_eth": 0.80230266002567,
  "nil_mind": 0.21985438308301447
}