{
  "nil_btc": 0.35208100387432456,
  "nil_eth": 0.41804549520672196,
  "nil_mind": -0.04901204116936518
}