{
  "nil_btc": 0.8379120901363956,
  "nil_eth": 0.78655614959468,
  "nil_mind": 0.46852053975655883
}