{
  "nil_btc": 0.31222586586458606,
  "nil_eth": 0.43353869971150766,
  "nil_mind": 0.16106304278931022
}