{
  "nil_btc": 0.339132429565301,
  "nil_eth": 0.5886675757164909,
  "nil_mind": 0.05834727642318839
}