{
  "nil_btc": 0.4374785898969818,
  "nil_eth": 0.5005981454958245,
  "nil_mind": 0.3337638963180092
}