{
  "nil_btc": 0.11765002518548581,
  "nil_eth": 0.11714952691162564,
  "nil_mind": 0.020275847106216962
}