{
  "nil_btc": 0.7515052223954102,
  "nil_eth": 0.6851219325280963,
  "nil_mind": -0.21751231067589996
}