{
  "nil_btc": 0.07879300767369393,
  "nil_eth": 0.06460717194666694,
  "nil_mind": -0.01173671157435147
}