{
  "nil_btc": 0.6580739123404521,
  "nil_eth": 0.6352086068226358,
  "nil_mind": 0.27978921427916914
}