{
  "nil_btc": 0.4597125063246344,
  "nil_eth": 0.5568423414194561,
  "nil_mind": 0.452135592715713
}