{
  "nil_btc": 0.42790084599847517,
  "nil_eth": 0.47644453810545245,
  "nil_mind": 0.04745531818930881
}