{
  "nil_btc": 0.7252995589996303,
  "nil_eth": 0.7325153926950871,
  "nil_mind": 0.36255128190411107
}