{
  "nil_btc": 0.5886973385750418,
  "nil_eth": 0.6386103384663303,
  "nil_mind": 0.31074578851071516
}