{
  "nil_btc": 0.42026086987232925,
  "nil_eth": 0.47549163935547023,
  "nil_mind": 0.23909743842737247
}