{
  "nil_btc": 0.33875024922060987,
  "nil_eth": 0.4066136712913747,
  "nil_mind": -0.06239562318086875
}