{
  "nil_btc": 0.5758135375030667,
  "nil_eth": 0.5144669136004474,
  "nil_mind": -0.21555459384472864
}