{
  "nil_btc": 0.7436110979794579,
  "nil_eth": 0.8322642867627302,
  "nil_mind": 0.453323555050819
}