{
  "nil_btc": 0.5575538627417979,
  "nil_eth": 0.6418848911858109,
  "nil_mind": 0.3158326356204872
}