{
  "nil_btc": 0.5696355270110719,
  "nil_eth": 0.6450240096156169,
  "nil_mind": 0.2858676562218705
}