{
  "nil_btc": 0.7389327045962554,
  "nil_eth": 0.6736344297152127,
  "nil_mind": -0.11867066984322258
}