{
  "nil_btc": 0.6012956013358988,
  "nil_eth": 0.5574493926487278,
  "nil_mind": 0.028433837601803943
}