{
  "nil_btc": 0.3311194436014285,
  "nil_eth": 0.41401903343266827,
  "nil_mind": -0.17471834119426338
}