{
  "nil_btc": 0.04939375624387674,
  "nil_eth": 0.02556966607615999,
  "nil_mind": -0.03512970757003162
}