{
  "nil_btc": 0.5959390656544661,
  "nil_eth": 0.6695103725117791,
  "nil_mind": 0.28957818640004124
}