{
  "nil_btc": 0.386724612686589,
  "nil_eth": 0.44005907978804615,
  "nil_mind": -0.07234785752853323
}