{
  "nil_btc": 0.6156056978648534,
  "nil_eth": 0.6170552498853005,
  "nil_mind": 0.24452265521715366
}