{
  "nil_btc": 0.6838922818666116,
  "nil_eth": 0.6959589244231771,
  "nil_mind": 0.3849179747289473
}