{
  "nil_btc": 0.6398995571064677,
  "nil_eth": 0.6195324693209281,
  "nil_mind": 0.29182324248925423
}