{
  "nil_btc": 0.6906845817562675,
  "nil_eth": 0.7252403736967242,
  "nil_mind": 0.3176609741459089
}