{
  "nil_btc": 0.45854160599708726,
  "nil_eth": 0.534397710657415,
  "nil_mind": 0.32988114640980604
}