{
  "nil_btc": 0.10534485135955687,
  "nil_eth": 0.09423635325455648,
  "nil_mind": 0.007428531459185391
}