{
  "nil_btc": 0.11564860087565644,
  "nil_eth": 0.11511057950988599,
  "nil_mind": 0.021914023257572038
}