{
  "nil_btc": 0.40282868690997253,
  "nil_eth": 0.5588720675599437,
  "nil_mind": 0.5278153883949083
}