{
  "nil_btc": 0.9986451603685467,
  "nil_eth": 0.8902819994181774,
  "nil_mind": 0.10184573987315762
}