{
  "nil_btc": 0.5859149276404403,
  "nil_eth": 0.5532814925045464,
  "nil_mind": 0.3660479310966882
}