{
  "nil_btc": 0.44791193870990725,
  "nil_eth": 0.48459612724580325,
  "nil_mind": 0.3828666495159855
}