{
  "nil_btc": 0.34804609364748573,
  "nil_eth": 0.27396445397743674,
  "nil_mind": 0.3133042095032037
}