{
  "nil_btc": 0.8355389242758581,
  "nil_eth": 0.7948300402770027,
  "nil_mind": -0.09959553415963573
}