{
  "nil_btc": 0.7283739681677073,
  "nil_eth": 0.8024799153603551,
  "nil_mind": 0.21817373316208163
}