{
  "nil_btc": 0.6429589495361598,
  "nil_eth": 0.6959657388108178,
  "nil_mind": 0.060934121992890056
}