{
  "nil_btc": 0.7226697445815413,
  "nil_eth": 0.7155835725212941,
  "nil_mind": 0.4035485463479417
}