{
  "nil_btc": 0.17264429520268376,
  "nil_eth": 0.21363211182249628,
  "nil_mind": -0.20463923679024204
}