{
  "nil_btc": 0.4570745606841716,
  "nil_eth": 0.6109132094967135,
  "nil_mind": 0.25211662370472493
}