{
  "nil_btc": 0.5500084306127984,
  "nil_eth": 0.5529841710095859,
  "nil_mind": 0.450511952691798
}