{
  "nil_btc": 0.47828375222467784,
  "nil_eth": 0.6671523366119338,
  "nil_mind": 0.25766935696488824
}