{
  "nil_btc": 0.7945962381106534,
  "nil_eth": 0.7568836770362207,
  "nil_mind": 0.7534390537337856
}