{
  "nil_btc": 0.621350665596361,
  "nil_eth": 0.5798184329119915,
  "nil_mind": -0.06826039844791117
}