{
  "nil_btc": 0.5949288206426492,
  "nil_eth": 0.6586666863499718,
  "nil_mind": 0.292102766166239
}