{
  "nil_btc": 0.6013995002917628,
  "nil_eth": 0.58137374734117,
  "nil_mind": 0.3455040994777042
}