{
  "nil_btc": 0.5484478441116161,
  "nil_eth": 0.641994538834025,
  "nil_mind": 0.32863510231206244
}