{
  "nil_btc": 0.5938142072214356,
  "nil_eth": 0.5787795399924748,
  "nil_mind": 0.3779894306284966
}