{
  "nil_btc": 0.5114788212283039,
  "nil_eth": 0.5756356554470605,
  "nil_mind": 0.17947054047098226
}