{
  "nil_btc": 0.6110925553642497,
  "nil_eth": 0.6177311073692383,
  "nil_mind": 0.24511146982981752
}