{
  "nil_btc": -0.13336150112499423,
  "nil_eth": -0.1781209077420969,
  "nil_mind": -0.07640993601205123
}