{
  "nil_btc": 0.7091501700268823,
  "nil_eth": 0.7786410732653226,
  "nil_mind": 0.22174533940045515
}