{
  "nil_btc": 0.6532315755523173,
  "nil_eth": 0.6293589099031004,
  "nil_mind": 0.2895112956209001
}