{
  "nil_btc": 0.6771762325650926,
  "nil_eth": 0.5155083005736578,
  "nil_mind": 0.5115146816423196
}