{
  "nil_btc": 0.5076549779669567,
  "nil_eth": 0.609560694024677,
  "nil_mind": 0.23417599233974137
}