{
  "nil_btc": 0.21880206074612873,
  "nil_eth": 0.23955068901155963,
  "nil_mind": -0.013975879989092553
}