{
  "nil_btc": 0.6251030474839729,
  "nil_eth": 0.6204188207013844,
  "nil_mind": 0.3244362963070013
}