{
  "nil_btc": 0.37532299388611595,
  "nil_eth": 0.32373816771047054,
  "nil_mind": 0.14863295331218804
}