{
  "nil_btc": 0.44856133887751154,
  "nil_eth": 0.37524061388408636,
  "nil_mind": 0.22714121905682122
}