{
  "nil_btc": 0.703285706986497,
  "nil_eth": 0.8272278703224843,
  "nil_mind": 0.3598014520261778
}