{
  "nil_btc": 0.3441256771118881,
  "nil_eth": 0.5725898485973178,
  "nil_mind": 0.07395120465899419
}