{
  "nil_btc": 0.5854552879354951,
  "nil_eth": 0.7341591561421655,
  "nil_mind": 0.32122005976784446
}