{
  "nil_btc": 0.605051523768714,
  "nil_eth": 0.676439175082363,
  "nil_mind": 0.2066062295570571
}