{
  "nil_btc": 0.42543673261244647,
  "nil_eth": 0.5343560027109462,
  "nil_mind": 0.33301381974830674
}