{
  "nil_btc": 0.6079485030752712,
  "nil_eth": 0.5711954198585595,
  "nil_mind": 0.23955949819736616
}