{
  "nil_btc": 0.582081589376166,
  "nil_eth": 0.5798882242051505,
  "nil_mind": 0.24773284864898779
}