{
  "nil_btc": 0.6870048080000447,
  "nil_eth": 0.7450160675135136,
  "nil_mind": 0.36365066453757006
}