{
  "nil_btc": 0.2937589789713366,
  "nil_eth": 0.4364033617681222,
  "nil_mind": -0.026422430482542034
}