{
  "nil_btc": 0.6702713702586759,
  "nil_eth": 0.5022697812614525,
  "nil_mind": 0.40622283102319867
}