{
  "nil_btc": 0.4032918224743161,
  "nil_eth": 0.4469997020973921,
  "nil_mind": -0.09961533835932458
}