{
  "nil_btc": 0.6166547093144212,
  "nil_eth": 0.6963607100729671,
  "nil_mind": 0.27118183648966493
}