{
  "nil_btc": 0.670107119782877,
  "nil_eth": 0.7268368239586627,
  "nil_mind": 0.24432099225102608
}