{
  "nil_btc": 0.6327721130805162,
  "nil_eth": 0.6173838404327839,
  "nil_mind": 0.2251315420888703
}