{
  "nil_btc": 0.10310825701083706,
  "nil_eth": 0.07636802676964843,
  "nil_mind": -0.014853449659447234
}