{
  "nil_btc": 0.5093813504348724,
  "nil_eth": 0.496435827722323,
  "nil_mind": 0.42645749243595965
}