{
  "nil_btc": 0.7623370146791328,
  "nil_eth": 0.6956211673608725,
  "nil_mind": 0.3116211146296773
}