{
  "nil_btc": 0.7498781414183423,
  "nil_eth": 0.7213365383646284,
  "nil_mind": -0.1889343117408619
}