{
  "nil_btc": 0.7791776500682925,
  "nil_eth": 0.7293106201058147,
  "nil_mind": 0.40979191991114994
}