{
  "nil_btc": 0.4040679817622953,
  "nil_eth": 0.47962957619107743,
  "nil_mind": 0.34984298154746135
}