{
  "nil_btc": 0.5760762657502524,
  "nil_eth": 0.6128705137285753,
  "nil_mind": 0.4824833384638543
}