{
  "nil_btc": 0.746745505419147,
  "nil_eth": 0.6177790984434376,
  "nil_mind": -0.10733521737907163
}