{
  "nil_btc": 0.3585979448062213,
  "nil_eth": 0.30850732205444165,
  "nil_mind": 0.3119108552393977
}