{
  "nil_btc": 0.28187569728927897,
  "nil_eth": 0.4145245549740573,
  "nil_mind": -0.025114896151801815
}