{
  "nil_btc": 0.5631008088412339,
  "nil_eth": 0.5487808768244682,
  "nil_mind": -0.16220633761768835
}