{
  "nil_btc": 0.6293812872054488,
  "nil_eth": 0.6059983685957507,
  "nil_mind": 0.32889511665698395
}