{
  "nil_btc": 0.09321606290705464,
  "nil_eth": 0.06679558629631768,
  "nil_mind": -0.01796637836818825
}