{
  "nil_btc": 0.7638572968299806,
  "nil_eth": 0.7058241983433315,
  "nil_mind": -0.2538528644309014
}