{
  "nil_btc": 0.6813427362205446,
  "nil_eth": 0.7220220631999871,
  "nil_mind": 0.3852925290002903
}