{
  "nil_btc": 0.3842816012632931,
  "nil_eth": 0.3114725276484351,
  "nil_mind": 0.19757298807644355
}