{
  "nil_btc": 0.5982418973268518,
  "nil_eth": 0.6277539036560795,
  "nil_mind": 0.32311422148330093
}