{
  "nil_btc": 0.9005493518834705,
  "nil_eth": 0.7287641124924085,
  "nil_mind": 0.5260063029983794
}