{
  "nil_btc": 0.116514194006463,
  "nil_eth": 0.1040279950245305,
  "nil_mind": 0.0242913491410389
}