{
  "nil_btc": 0.1321200047532985,
  "nil_eth": 0.12069733214509284,
  "nil_mind": 0.021280832957276324
}