{
  "nil_btc": 0.4709024837308418,
  "nil_eth": 0.45938303129990765,
  "nil_mind": 0.10405104491269274
}