{
  "nil_btc": 0.7997994972420575,
  "nil_eth": 0.7093074016074324,
  "nil_mind": 0.47032132882644095
}