{
  "nil_btc": 0.5989443948029579,
  "nil_eth": 0.5543133096661609,
  "nil_mind": 0.013998227682748986
}