{
  "nil_btc": 0.47266543127536786,
  "nil_eth": 0.5439512485183085,
  "nil_mind": -0.21740658060852122
}