{
  "nil_btc": 0.6845495081816861,
  "nil_eth": 0.6455378861110453,
  "nil_mind": -0.05923401357947387
}