{
  "nil_btc": 0.7479061698332364,
  "nil_eth": 0.6812633416362569,
  "nil_mind": -0.16429734007983854
}