{
  "nil_btc": 0.5926303270636504,
  "nil_eth": 0.6360926658253427,
  "nil_mind": 0.30772422690078843
}