{
  "nil_btc": 0.920458094661036,
  "nil_eth": 0.7585246937414342,
  "nil_mind": 0.5102138745619884
}