{
  "nil_btc": 0.7351961756041779,
  "nil_eth": 0.6698208992400277,
  "nil_mind": -0.12942452746160982
}