{
  "nil_btc": 0.6885807065398615,
  "nil_eth": 0.7449204163729822,
  "nil_mind": 0.28931898145612495
}