{
  "nil_btc": 0.07920927444041644,
  "nil_eth": 0.06145641531808646,
  "nil_mind": -0.03165174855636856
}