{
  "nil_btc": 0.303470573762738,
  "nil_eth": 0.3557101814043358,
  "nil_mind": -0.1552674476765577
}