{
  "nil_btc": 0.510777197156299,
  "nil_eth": 0.5260737213506065,
  "nil_mind": 0.430745753868359
}