{
  "nil_btc": 0.8140274268422377,
  "nil_eth": 0.7356566867933586,
  "nil_mind": 0.4282295773972192
}