{
  "nil_btc": 0.5732778062920002,
  "nil_eth": 0.540984332506926,
  "nil_mind": -0.16073801873531804
}