{
  "nil_btc": 0.6394418321855483,
  "nil_eth": 0.7146911958408932,
  "nil_mind": 0.2563203170765736
}