{
  "nil_btc": 0.35850575145462876,
  "nil_eth": 0.4217957671372076,
  "nil_mind": -0.07017896891604299
}