{
  "nil_btc": 0.06305029763976479,
  "nil_eth": 0.04401309266885471,
  "nil_mind": -0.021549901513534652
}