{
  "nil_btc": 0.5729922606741482,
  "nil_eth": 0.6055748872908099,
  "nil_mind": 0.31250922701047723
}