{
  "nil_btc": 0.08463107500079162,
  "nil_eth": 0.06218134187537128,
  "nil_mind": -0.04359424287892484
}