{
  "nil_btc": 0.618241419188806,
  "nil_eth": 0.5951920123926031,
  "nil_mind": 0.3332726975158995
}