{
  "nil_btc": 0.5599197294585767,
  "nil_eth": 0.5836711129683986,
  "nil_mind": 0.23848966808346872
}