{
  "nil_btc": 0.13380201659865446,
  "nil_eth": 0.12573309568420318,
  "nil_mind": 0.014684950247181739
}