{
  "nil_btc": 0.39712360601417523,
  "nil_eth": 0.40684766694279745,
  "nil_mind": 0.27336645302073925
}