{
  "nil_btc": 0.4030439679393116,
  "nil_eth": 0.47573037636349186,
  "nil_mind": 0.15140880837371587
}