{
  "nil_btc": 0.3265475656765125,
  "nil_eth": 0.4117370606815089,
  "nil_mind": 0.03926045304568492
}