{
  "nil_btc": 0.45347257656523865,
  "nil_eth": 0.5414849369930601,
  "nil_mind": 0.4886746466421195
}