{
  "nil_btc": 0.7391069915073318,
  "nil_eth": 0.7217215599933853,
  "nil_mind": 0.73856516760573
}