{
  "nil_btc": 0.6095146345253757,
  "nil_eth": 0.5706867671116952,
  "nil_mind": 0.019619182604063735
}