{
  "nil_btc": 0.33115450132070096,
  "nil_eth": 0.4046097949484953,
  "nil_mind": 0.1819719483199234
}