{
  "nil_btc": 0.6457238992595583,
  "nil_eth": 0.6069595812100814,
  "nil_mind": 0.34764786907341855
}