{
  "nil_btc": 0.5621514509271428,
  "nil_eth": 0.6532646341534073,
  "nil_mind": 0.3525177666704648
}