{
  "nil_btc": 0.45143101920567136,
  "nil_eth": 0.4903800596438369,
  "nil_mind": -0.09626597652057899
}