{
  "nil_btc": 0.5982431497972822,
  "nil_eth": 0.6412672161000712,
  "nil_mind": 0.45699151370734814
}