{
  "nil_btc": 0.5390343954048278,
  "nil_eth": 0.5508403029367145,
  "nil_mind": 0.26470666237084023
}