{
  "nil_btc": 0.4237924852206386,
  "nil_eth": 0.4605330734247473,
  "nil_mind": 0.2725542937459684
}