{
  "nil_btc": 0.08354480182678739,
  "nil_eth": 0.06397742882902183,
  "nil_mind": -0.017304381095047658
}