{
  "nil_btc": 0.46505604643417076,
  "nil_eth": 0.4752984110890281,
  "nil_mind": 0.25872218026296673
}