{
  "nil_btc": 0.5203422016007958,
  "nil_eth": 0.5535230925069795,
  "nil_mind": 0.08403446530699973
}