{
  "nil_btc": 0.5097230964803109,
  "nil_eth": 0.5448406670926653,
  "nil_mind": 0.42066517082019284
}