{
  "nil_btc": 0.6478451339288628,
  "nil_eth": 0.6122972119191649,
  "nil_mind": -0.0889376789470748
}