{
  "nil_btc": 0.76880893036545,
  "nil_eth": 0.6928812999264774,
  "nil_mind": 0.35137388614401677
}