{
  "nil_btc": 0.1466637161780028,
  "nil_eth": 0.13896704664946022,
  "nil_mind": 0.020786740872153733
}