{
  "nil_btc": 0.4413085925908006,
  "nil_eth": 0.4272803154878235,
  "nil_mind": 0.26034716000689717
}