{
  "nil_btc": 0.5436886801490057,
  "nil_eth": 0.6038734270754803,
  "nil_mind": 0.354860201675003
}