{
  "nil_btc": 0.8154382901036898,
  "nil_eth": 0.7363837704978243,
  "nil_mind": 0.4308363395201135
}