{
  "nil_btc": 0.5897954428396968,
  "nil_eth": 0.652517698823152,
  "nil_mind": 0.2987762737135779
}