{
  "nil_btc": 0.5582796279174469,
  "nil_eth": 0.5704751216423968,
  "nil_mind": 0.23498214951585256
}