{
  "nil_btc": 0.6069110200703648,
  "nil_eth": 0.6758276753692364,
  "nil_mind": 0.284031240685498
}