{
  "nil_btc": 0.6771669468202315,
  "nil_eth": 0.6396609928788107,
  "nil_mind": -0.08462545791572341
}