{
  "nil_btc": 0.30327180540259213,
  "nil_eth": 0.3660842909699866,
  "nil_mind": 0.22643399105799122
}