{
  "nil_btc": 0.2920454517736457,
  "nil_eth": 0.3594127904340547,
  "nil_mind": 0.04486330675752688
}