{
  "nil_btc": 0.569749553482646,
  "nil_eth": 0.6201320266446009,
  "nil_mind": 0.03139226160225963
}