{
  "nil_btc": -0.07214253821986034,
  "nil_eth": -0.1400909782264519,
  "nil_mind": -0.11274455044683776
}