{
  "nil_btc": 0.5999511881351374,
  "nil_eth": 0.7130143293847763,
  "nil_mind": 0.1377078594254465
}