{
  "nil_btc": 0.1523126228730252,
  "nil_eth": 0.10610828062401824,
  "nil_mind": 0.2591599358006502
}