{
  "nil_btc": 0.5458076081702808,
  "nil_eth": 0.4933423374788354,
  "nil_mind": 0.4988680497935966
}