{
  "nil_btc": 0.5758344596136378,
  "nil_eth": 0.5794220448693468,
  "nil_mind": 0.2462766742247569
}