{
  "nil_btc": 0.3723594503835297,
  "nil_eth": 0.45484963134878387,
  "nil_mind": -0.19509818847681548
}