{
  "nil_btc": 0.8657234815958823,
  "nil_eth": 0.7274398994744482,
  "nil_mind": 0.5100661500805015
}