{
  "nil_btc": 0.43125363536330946,
  "nil_eth": 0.48004367540904774,
  "nil_mind": 0.05003410884193874
}