{
  "nil_btc": 0.5246865730432893,
  "nil_eth": 0.5170185936443298,
  "nil_mind": 0.35936753373039126
}