{
  "nil_btc": 0.43051807823958904,
  "nil_eth": 0.57523358556744,
  "nil_mind": -0.2652525808307098
}