{
  "nil_btc": 0.10118141353433224,
  "nil_eth": 0.07549781843990326,
  "nil_mind": -0.02610718599117571
}