{
  "nil_btc": 0.4337319025001951,
  "nil_eth": 0.4826524922939985,
  "nil_mind": 0.011961357424117927
}