{
  "nil_btc": 0.1322370543750175,
  "nil_eth": 0.12155663655189948,
  "nil_mind": 0.02527963000303552
}