{
  "nil_btc": 0.4720930323143607,
  "nil_eth": 0.5274743809594267,
  "nil_mind": 0.4384871375073932
}