{
  "nil_btc": 0.4729122026156557,
  "nil_eth": 0.49729300011458966,
  "nil_mind": 0.43332433433759493
}