{
  "nil_btc": 0.4256660410858354,
  "nil_eth": 0.5718690806088973,
  "nil_mind": 0.030959434407927908
}