{
  "nil_btc": 0.4336675065996318,
  "nil_eth": 0.47931761176903087,
  "nil_mind": 0.08722334340011215
}