{
  "nil_btc": 0.7630634790200248,
  "nil_eth": 0.6963483539852343,
  "nil_mind": 0.31799248544076236
}