{
  "nil_btc": 0.5767451820414623,
  "nil_eth": 0.5801596780430835,
  "nil_mind": 0.24666772205784263
}