{
  "nil_btc": 0.599558678476039,
  "nil_eth": 0.7137720892215936,
  "nil_mind": 0.14361510273125305
}