{
  "nil_btc": 0.782472262468161,
  "nil_eth": 0.7775100513368209,
  "nil_mind": 0.4496994525728513
}