{
  "nil_btc": 0.5817433841091902,
  "nil_eth": 0.5797709684552528,
  "nil_mind": 0.24721418836993778
}