{
  "nil_btc": 0.5731706250767498,
  "nil_eth": 0.6178265563800563,
  "nil_mind": 0.34424399827259505
}