{
  "nil_btc": 0.38812513108902497,
  "nil_eth": 0.39045387295058054,
  "nil_mind": 0.06362536750631025
}