{
  "nil_btc": 0.5750565424008833,
  "nil_eth": 0.6282526175957767,
  "nil_mind": 0.31272850659515716
}