{
  "nil_btc": 0.6691062710631268,
  "nil_eth": 0.6500653121345223,
  "nil_mind": 0.33158340926375046
}