{
  "nil_btc": 0.319434891534598,
  "nil_eth": 0.40161700286427304,
  "nil_mind": 0.382671523891944
}