{
  "nil_btc": 0.653437482296696,
  "nil_eth": 0.6295542385701209,
  "nil_mind": 0.289842107897303
}