{
  "nil_btc": 0.8463499070167814,
  "nil_eth": 0.7385473463967247,
  "nil_mind": 0.5145037104863125
}