{
  "nil_btc": 0.4622381500666499,
  "nil_eth": 0.6116060924348216,
  "nil_mind": 0.2737206766049831
}