{
  "nil_btc": 0.5800977340825539,
  "nil_eth": 0.6584697141151875,
  "nil_mind": 0.28206231268368304
}