{
  "nil_btc": 0.5885171825016146,
  "nil_eth": 0.6059182980933044,
  "nil_mind": 0.1830550505310453
}