{
  "nil_btc": 0.6101654444469349,
  "nil_eth": 0.620023834296733,
  "nil_mind": 0.24333464682199396
}