{
  "nil_btc": 0.7539270998271077,
  "nil_eth": 0.784400037220033,
  "nil_mind": 0.3736271248548137
}