{
  "nil_btc": 0.3145967255378383,
  "nil_eth": 0.38482166872582424,
  "nil_mind": -0.06934111183748837
}