{
  "nil_btc": 0.13241392823211295,
  "nil_eth": 0.12330406874678522,
  "nil_mind": 0.017294758989709464
}