{
  "nil_btc": 0.5496672880869012,
  "nil_eth": 0.537866761261647,
  "nil_mind": -0.1676587189679703
}