{
  "nil_btc": 0.5756772805058341,
  "nil_eth": 0.5801255314828607,
  "nil_mind": 0.3024886131642322
}