{
  "nil_btc": 0.2196254482670406,
  "nil_eth": 0.33620441668187745,
  "nil_mind": -0.03859753992620016
}