{
  "nil_btc": 0.3993577444586159,
  "nil_eth": 0.4539381556983954,
  "nil_mind": 0.0024698041744299426
}