{
  "nil_btc": 0.7021334581922365,
  "nil_eth": 0.6934621995636954,
  "nil_mind": 0.42631544235866176
}