{
  "nil_btc": 0.5708293214160058,
  "nil_eth": 0.612510828869256,
  "nil_mind": 0.30445486193992816
}