{
  "nil_btc": 0.1379683016227162,
  "nil_eth": 0.12711356785501288,
  "nil_mind": 0.024819160728037786
}