{
  "nil_btc": 0.6175380637234723,
  "nil_eth": 0.6658445550475847,
  "nil_mind": 0.4140771287872389
}