{
  "nil_btc": 0.7311128350440855,
  "nil_eth": 0.6423142626039737,
  "nil_mind": -0.03368731078998647
}