{
  "nil_btc": 0.5678594675200194,
  "nil_eth": 0.5206180255501004,
  "nil_mind": 0.05759108369771041
}