{
  "nil_btc": 0.6881206827738998,
  "nil_eth": 0.6859179493691063,
  "nil_mind": 0.42729915555771164
}