{
  "nil_btc": 0.3853834546930953,
  "nil_eth": 0.431574587232909,
  "nil_mind": -0.09296587516429662
}