{
  "nil_btc": 0.7948780237046725,
  "nil_eth": 0.7553453023207495,
  "nil_mind": -0.12458729958458953
}