{
  "nil_btc": 0.5927692582118282,
  "nil_eth": 0.5649077953724743,
  "nil_mind": -0.018818191691066865
}