{
  "nil_btc": 0.8907009354820249,
  "nil_eth": 0.7357042021390707,
  "nil_mind": 0.5352274791902103
}