{
  "nil_btc": 0.7321729435554613,
  "nil_eth": 0.6619000094961243,
  "nil_mind": -0.16141131151545932
}