{
  "nil_btc": 0.7637803920948186,
  "nil_eth": 0.7066554765735503,
  "nil_mind": 0.3079672471035522
}