{
  "nil_btc": 0.5102882335157972,
  "nil_eth": 0.5682608357410536,
  "nil_mind": 0.18222387201592605
}