{
  "nil_btc": 0.5927122256017037,
  "nil_eth": 0.6438576898912561,
  "nil_mind": 0.06199525740725833
}