{
  "nil_btc": 0.49842414363185344,
  "nil_eth": 0.44618971935206575,
  "nil_mind": 0.090166194732976
}