{
  "nil_btc": 0.2740157072418826,
  "nil_eth": 0.3742087752655186,
  "nil_mind": 0.1253043949183742
}