{
  "nil_btc": 0.35763283291195674,
  "nil_eth": 0.43098114575140745,
  "nil_mind": -0.22114978130485138
}