{
  "nil_btc": 0.6805541278421102,
  "nil_eth": 0.7934233452670494,
  "nil_mind": 0.353640055610402
}