{
  "nil_btc": 0.584636883858714,
  "nil_eth": 0.5992199245883069,
  "nil_mind": 0.13722551215147144
}