{
  "nil_btc": 0.4016867258909479,
  "nil_eth": 0.2894337338025818,
  "nil_mind": 0.01754305781003612
}