{
  "nil_btc": 0.1034142786521249,
  "nil_eth": 0.09152013084772297,
  "nil_mind": 0.018413187042956042
}