{
  "nil_btc": 0.4378503881502534,
  "nil_eth": 0.4839825484042399,
  "nil_mind": 0.00726123945517402
}