{
  "nil_btc": 0.753958749016545,
  "nil_eth": 0.7747112538122236,
  "nil_mind": 0.3378215433429953
}