{
  "nil_btc": 0.44204040248119764,
  "nil_eth": 0.4341896258980759,
  "nil_mind": 0.27833588192578007
}