{
  "nil_btc": 0.554902792497666,
  "nil_eth": 0.6074361675090576,
  "nil_mind": 0.3232259743901737
}