{
  "nil_btc": 0.10222934848010809,
  "nil_eth": 0.08264300623954732,
  "nil_mind": -0.006759419394621635
}