{
  "nil_btc": 0.3948444462557778,
  "nil_eth": 0.45496237106302295,
  "nil_mind": 0.0009406089459454066
}