{
  "nil_btc": 0.3334590037310641,
  "nil_eth": 0.3288708229897742,
  "nil_mind": 0.44671549724007587
}