{
  "nil_btc": 0.6309040869505324,
  "nil_eth": 0.7062502588222137,
  "nil_mind": 0.25980199633963724
}