{
  "nil_btc": 0.0014720950049437738,
  "nil_eth": -0.0715007234292431,
  "nil_mind": -0.07016103443409255
}