{
  "nil_btc": 0.5935327014843395,
  "nil_eth": 0.5776038867309797,
  "nil_mind": 0.3377807074174944
}