{
  "nil_btc": 0.5589795692743498,
  "nil_eth": 0.5884752412233177,
  "nil_mind": 0.22626559439739014
}