{
  "nil_btc": 0.6060895683955849,
  "nil_eth": 0.5591205322527606,
  "nil_mind": -0.06558902597359821
}