{
  "nil_btc": 0.4507472494373608,
  "nil_eth": 0.4908146086050316,
  "nil_mind": -0.09948235632181782
}