{
  "nil_btc": 0.605535314979437,
  "nil_eth": 0.6696489847307232,
  "nil_mind": 0.2849614316591612
}