{
  "nil_btc": 0.433765124180251,
  "nil_eth": 0.4819912632577226,
  "nil_mind": 0.01046354249778143
}