{
  "nil_btc": 0.592126931786167,
  "nil_eth": 0.5747549096213049,
  "nil_mind": 0.32521225066190457
}