{
  "nil_btc": 0.6311478818070864,
  "nil_eth": 0.6042020040921439,
  "nil_mind": 0.325811957971661
}