{
  "nil_btc": 0.4280535333774917,
  "nil_eth": 0.6014504200552635,
  "nil_mind": 0.3218448950941608
}