{
  "nil_btc": 0.6779322598853849,
  "nil_eth": 0.7146855455307116,
  "nil_mind": 0.28242371522882903
}