{
  "nil_btc": 0.00536538841565975,
  "nil_eth": -0.07136251384398035,
  "nil_mind": -0.06516001520595203
}