{
  "nil_btc": 0.2774168600314206,
  "nil_eth": 0.4319827126481879,
  "nil_mind": -0.036845042186722
}