{
  "nil_btc": 0.1313675184243375,
  "nil_eth": 0.12075801104253,
  "nil_mind": 0.02095154861788231
}