{
  "nil_btc": 0.7268251523464431,
  "nil_eth": 0.6939205985617263,
  "nil_mind": 0.3724429663963289
}