{
  "nil_btc": 0.7902220425963539,
  "nil_eth": 0.8041027341770625,
  "nil_mind": 0.3062942451532896
}