{
  "nil_btc": 0.4961625617902587,
  "nil_eth": 0.6347729924912031,
  "nil_mind": 0.25521564163107213
}