{
  "nil_btc": 0.5261777717259367,
  "nil_eth": 0.5321870479779442,
  "nil_mind": -0.17739894012694363
}