{
  "nil_btc": 0.748073296894464,
  "nil_eth": 0.6578660540455864,
  "nil_mind": -0.05363962812178993
}