{
  "nil_btc": 0.601275110755018,
  "nil_eth": 0.6547190742540572,
  "nil_mind": 0.23885832446226796
}