{
  "nil_btc": 0.4422016328716271,
  "nil_eth": 0.48813557478257147,
  "nil_mind": 0.011902461272286198
}