{
  "nil_btc": 0.11614178401296094,
  "nil_eth": 0.10741840638283624,
  "nil_mind": 0.0071611915554458385
}