{
  "nil_btc": 0.7520860047717673,
  "nil_eth": 0.6864361065917807,
  "nil_mind": -0.13270975783010683
}