{
  "nil_btc": 0.10032485006045719,
  "nil_eth": 0.08797788745118613,
  "nil_mind": 0.006407540864873047
}