{
  "nil_btc": 0.46490299898558135,
  "nil_eth": 0.4603209447686224,
  "nil_mind": 0.26807530731627993
}