{
  "nil_btc": 0.5822771025665338,
  "nil_eth": 0.5792354862605242,
  "nil_mind": 0.24913868924643068
}