{
  "nil_btc": 0.5673085389955518,
  "nil_eth": 0.5504478228047853,
  "nil_mind": -0.18253307398452606
}