{
  "nil_btc": 0.6302490303159742,
  "nil_eth": 0.6005625625860251,
  "nil_mind": 0.35642373841214653
}