{
  "nil_btc": 0.4222046981513144,
  "nil_eth": 0.42512000914095666,
  "nil_mind": 0.24554558310259195
}