{
  "nil_btc": 0.6110335510924421,
  "nil_eth": 0.5652127527681905,
  "nil_mind": -0.06310927724678028
}