{
  "nil_btc": 0.3965028168249152,
  "nil_eth": 0.5407720053034036,
  "nil_mind": 0.5686491807653293
}