{
  "nil_btc": 0.4613575736505158,
  "nil_eth": 0.5175664360432964,
  "nil_mind": 0.4520465245690471
}