{
  "nil_btc": 0.6248016849136198,
  "nil_eth": 0.7012065806052071,
  "nil_mind": 0.2721247668289577
}