{
  "nil_btc": 0.5985228873395223,
  "nil_eth": 0.5794216349667601,
  "nil_mind": 0.3347359900151
}