{
  "nil_btc": 0.404343424330424,
  "nil_eth": 0.5599959197744053,
  "nil_mind": 0.530421943789473
}