{
  "nil_btc": 0.3737472785259868,
  "nil_eth": 0.42024582155586543,
  "nil_mind": -0.09955886817902573
}