{
  "nil_btc": 0.6026506076016472,
  "nil_eth": 0.6616413215245669,
  "nil_mind": 0.30805529929327935
}