{
  "nil_btc": 0.6909476709888304,
  "nil_eth": 0.7319742746114629,
  "nil_mind": 0.2986370127277
}