{
  "nil_btc": 0.4382708707517118,
  "nil_eth": 0.46368040381716447,
  "nil_mind": -0.11919451467184476
}