{
  "nil_btc": 0.44382912953267406,
  "nil_eth": 0.30873341471710486,
  "nil_mind": 0.003979357185422649
}