{
  "nil_btc": 0.4359460233007162,
  "nil_eth": 0.5965465665252788,
  "nil_mind": 0.14463409822688433
}