{
  "nil_btc": 0.5786166954091603,
  "nil_eth": 0.557564526855211,
  "nil_mind": 0.3453098741810225
}