{
  "nil_btc": 0.7800913622367629,
  "nil_eth": 0.7055426252046526,
  "nil_mind": 0.7764988784804182
}