{
  "nil_btc": 0.8153989985348635,
  "nil_eth": 0.8398564345434653,
  "nil_mind": 0.4450337933709265
}