{
  "nil_btc": 0.6037336321372315,
  "nil_eth": 0.6342514744617561,
  "nil_mind": 0.335921383802798
}