{
  "nil_btc": 0.7136270541945171,
  "nil_eth": 0.7108913430821787,
  "nil_mind": 0.37330426039751463
}