{
  "nil_btc": 0.806911474850329,
  "nil_eth": 0.7550510675037061,
  "nil_mind": 0.34271286649351923
}