{
  "nil_btc": 0.5162737282729736,
  "nil_eth": 0.5636209211358877,
  "nil_mind": 0.10348581153601288
}