{
  "nil_btc": 0.67395056832369,
  "nil_eth": 0.6377797387871187,
  "nil_mind": -0.07524178312175284
}