{
  "nil_btc": 0.4937603024537368,
  "nil_eth": 0.555727917344141,
  "nil_mind": 0.40806952896972704
}