{
  "nil_btc": 0.4086320432903781,
  "nil_eth": 0.41607119882933424,
  "nil_mind": 0.32001039662718817
}