{
  "nil_btc": 0.36834267858415437,
  "nil_eth": 0.45287054725020665,
  "nil_mind": -0.1957332512302603
}