{
  "nil_btc": 0.6023971710335596,
  "nil_eth": 0.5801984753658107,
  "nil_mind": 0.3266226313209341
}