{
  "nil_btc": 0.7639662794551261,
  "nil_eth": 0.7070448656066266,
  "nil_mind": 0.3075156150984455
}