{
  "nil_btc": 0.8192495134066463,
  "nil_eth": 0.8439604111768864,
  "nil_mind": 0.42609259230642665
}