{
  "nil_btc": 0.5279455296519002,
  "nil_eth": 0.5496368258499126,
  "nil_mind": 0.41112709752213356
}