{
  "nil_btc": 0.6053917957301267,
  "nil_eth": 0.6740938121691065,
  "nil_mind": 0.0616673427782652
}