{
  "nil_btc": 0.6814333291830373,
  "nil_eth": 0.6424058467012933,
  "nil_mind": -0.08676778405634061
}