{
  "nil_btc": 0.614981818725346,
  "nil_eth": 0.5692647367098991,
  "nil_mind": 0.0055238767104638506
}