{
  "nil_btc": 0.32077882258871265,
  "nil_eth": 0.39044044902256425,
  "nil_mind": -0.06924174945607224
}