{
  "nil_btc": 0.5369329558560331,
  "nil_eth": 0.5858552292434669,
  "nil_mind": 0.20694985157110274
}