{
  "nil_btc": 0.5970850607750116,
  "nil_eth": 0.7134781649762449,
  "nil_mind": 0.15111716382469406
}