{
  "nil_btc": 0.40836698941646815,
  "nil_eth": 0.5305051310434651,
  "nil_mind": 0.5092169648684142
}