{
  "nil_btc": 0.44944423471183587,
  "nil_eth": 0.48953555979147134,
  "nil_mind": -0.10078921398035236
}