{
  "nil_btc": 0.5483576111151539,
  "nil_eth": 0.5397507627482897,
  "nil_mind": 0.3106644655544544
}