{
  "nil_btc": 0.4097042763873599,
  "nil_eth": 0.544726729989508,
  "nil_mind": -0.2712990924803373
}