{
  "nil_btc": 0.5894425430933138,
  "nil_eth": 0.6252399089747733,
  "nil_mind": 0.26991719287962257
}