{
  "nil_btc": 0.6145786423208284,
  "nil_eth": 0.7522212343056819,
  "nil_mind": 0.4480376048864655
}