{
  "nil_btc": 0.2883354506991059,
  "nil_eth": 0.35394793448803363,
  "nil_mind": -0.1400768845356005
}