{
  "nil_btc": 0.5727325098914875,
  "nil_eth": 0.5510965132857715,
  "nil_mind": 0.47803152664624315
}