{
  "nil_btc": 0.6070448571578028,
  "nil_eth": 0.5898517064541791,
  "nil_mind": 0.32189419400624003
}