{
  "nil_btc": 0.36494405887609227,
  "nil_eth": 0.4377019820194067,
  "nil_mind": -0.07050121397541492
}