{
  "nil_btc": 0.39698842699139,
  "nil_eth": 0.4532050308883121,
  "nil_mind": 0.0014365711922757964
}