{
  "nil_btc": 0.7145357998108914,
  "nil_eth": 0.6868216279482546,
  "nil_mind": 0.35980546314803613
}