{
  "nil_btc": 0.6091262232636709,
  "nil_eth": 0.6017748883311139,
  "nil_mind": 0.22395580419101707
}