{
  "nil_btc": 0.7559444560504952,
  "nil_eth": 0.77343940467217,
  "nil_mind": 0.3703840402133832
}