{
  "nil_btc": 0.3242763206464236,
  "nil_eth": 0.4809100533629438,
  "nil_mind": -0.10536384756044276
}