{
  "nil_btc": -0.11235649602228041,
  "nil_eth": -0.12809049260431812,
  "nil_mind": -0.11978463629128806
}