{
  "nil_btc": 0.6840204653085603,
  "nil_eth": 0.7442367018603087,
  "nil_mind": 0.2979659066762384
}