{
  "nil_btc": 0.6118032570302133,
  "nil_eth": 0.5688458386866206,
  "nil_mind": -0.08012249229168582
}