{
  "nil_btc": 0.22566956355797,
  "nil_eth": 0.3285734585879985,
  "nil_mind": 0.14062764040326453
}