{
  "nil_btc": 0.3970258004666649,
  "nil_eth": 0.45646127578411644,
  "nil_mind": 0.001199402145805532
}