{
  "nil_btc": 0.7475971822003538,
  "nil_eth": 0.6867186536801964,
  "nil_mind": 0.310071611172351
}