{
  "nil_btc": 0.11080085478352855,
  "nil_eth": 0.10405409728980702,
  "nil_mind": 0.014250785773995623
}