{
  "nil_btc": 0.3897988121303869,
  "nil_eth": 0.4331890048386489,
  "nil_mind": -0.09429026209312977
}