{
  "nil_btc": 0.5627559383946935,
  "nil_eth": 0.5514116467569765,
  "nil_mind": 0.31370113579597947
}