{
  "nil_btc": 0.5856213717563992,
  "nil_eth": 0.5933163673863018,
  "nil_mind": 0.24362429368171576
}