{
  "nil_btc": 0.43511723274295444,
  "nil_eth": 0.5308608806159659,
  "nil_mind": -0.22006415219816283
}