{
  "nil_btc": 0.7417914835239504,
  "nil_eth": 0.6783306562977137,
  "nil_mind": -0.14718182989228873
}