{
  "nil_btc": 0.08971028817565815,
  "nil_eth": 0.07521952806845204,
  "nil_mind": -0.025417841928329077
}