{
  "nil_btc": 0.29853954024201296,
  "nil_eth": 0.3538661376922985,
  "nil_mind": -0.14248612366060445
}