{
  "nil_btc": 0.8345790664576574,
  "nil_eth": 0.800536875424284,
  "nil_mind": 0.5004047730140131
}