{
  "nil_btc": -0.14384869848525697,
  "nil_eth": -0.20678776328945564,
  "nil_mind": -0.09371751015576424
}