{
  "nil_btc": 0.6021072045910788,
  "nil_eth": 0.5794466371645581,
  "nil_mind": 0.3182897298861648
}