{
  "nil_btc": 0.5701409447751102,
  "nil_eth": 0.61647802414597,
  "nil_mind": 0.29802499369891144
}