{
  "nil_btc": 0.2646754348933981,
  "nil_eth": 0.40305614866661477,
  "nil_mind": 0.40036585284588094
}