{
  "nil_btc": 0.5561695470900355,
  "nil_eth": 0.6031502181237108,
  "nil_mind": 0.34824343845522027
}