{
  "nil_btc": 0.5706915192304101,
  "nil_eth": 0.5477894497451303,
  "nil_mind": 0.44545831273359027
}