{
  "nil_btc": 0.46437163777631857,
  "nil_eth": 0.6330218285021064,
  "nil_mind": 0.29815837097292947
}