{
  "nil_btc": 0.6672117840905976,
  "nil_eth": 0.6733308136887491,
  "nil_mind": 0.41978640200210626
}