{
  "nil_btc": 0.5049525842090921,
  "nil_eth": 0.5318892559236312,
  "nil_mind": 0.42704085439079326
}