{
  "nil_btc": 0.6089465229653694,
  "nil_eth": 0.5657219986931766,
  "nil_mind": -0.0739282965936458
}