{
  "nil_btc": 0.3171669396170904,
  "nil_eth": 0.578436186699914,
  "nil_mind": 0.13401003653344262
}