{
  "nil_btc": 0.6217530095836491,
  "nil_eth": 0.6017378370485972,
  "nil_mind": 0.326150354802484
}