{
  "nil_btc": 0.36191170305597886,
  "nil_eth": 0.4148138722480123,
  "nil_mind": -0.24025679404758435
}