{
  "nil_btc": 0.5848877483190068,
  "nil_eth": 0.6233847550906524,
  "nil_mind": 0.34629223641311946
}