{
  "nil_btc": 0.13187339818486069,
  "nil_eth": 0.1215442450304334,
  "nil_mind": 0.01563785915841682
}