{
  "nil_btc": 0.5826236406456637,
  "nil_eth": 0.557699663691454,
  "nil_mind": -0.09991311395483986
}