{
  "nil_btc": 0.7480081143181668,
  "nil_eth": 0.8311745152813308,
  "nil_mind": 0.44481137656970793
}