{
  "nil_btc": 0.11389965886881499,
  "nil_eth": 0.10499735793742714,
  "nil_mind": 0.007496494435311645
}