{
  "nil_btc": 0.5536194458921185,
  "nil_eth": 0.5774994013479579,
  "nil_mind": 0.2394467053625785
}