{
  "nil_btc": 0.2489120397532214,
  "nil_eth": 0.24510219942471248,
  "nil_mind": 0.11159101898477838
}