{
  "nil_btc": 0.2649979700096482,
  "nil_eth": 0.21882510584578255,
  "nil_mind": 0.19525530954091583
}