{
  "nil_btc": 0.3516159629470526,
  "nil_eth": 0.30260632071051535,
  "nil_mind": 0.07288635172812014
}