{
  "nil_btc": 0.5865322312924606,
  "nil_eth": 0.6206833629441681,
  "nil_mind": 0.3519293072193986
}