{
  "nil_btc": 0.5640686742255278,
  "nil_eth": 0.545816393341222,
  "nil_mind": -0.16477537772362777
}