{
  "nil_btc": 0.31600716733220036,
  "nil_eth": 0.3402830517034688,
  "nil_mind": -0.16617603261441813
}