{
  "nil_btc": 0.6095509982992722,
  "nil_eth": 0.5871353565743556,
  "nil_mind": 0.3202299897150634
}