{
  "nil_btc": 0.5159477601968249,
  "nil_eth": 0.5442522779063029,
  "nil_mind": 0.30116331816681835
}