{
  "nil_btc": 0.3551032801588381,
  "nil_eth": 0.4297664002743863,
  "nil_mind": -0.22183879069052675
}