{
  "nil_btc": 0.5260067604826701,
  "nil_eth": 0.516083420384972,
  "nil_mind": 0.06266117683353206
}