{
  "nil_btc": 0.5266993997280551,
  "nil_eth": 0.5294284312254354,
  "nil_mind": -0.1731158448204529
}