{
  "nil_btc": 0.5658278345129243,
  "nil_eth": 0.5742706552639566,
  "nil_mind": 0.24533295821249054
}