{
  "nil_btc": 0.7425430919431828,
  "nil_eth": 0.818999725284735,
  "nil_mind": 0.4449882474595479
}