{
  "nil_btc": 0.491342068168622,
  "nil_eth": 0.5286552262732932,
  "nil_mind": 0.3353921742010645
}