{
  "nil_btc": 0.586914639900641,
  "nil_eth": 0.5461105825015311,
  "nil_mind": -0.009873603161090231
}