{
  "nil_btc": 0.6262476713635307,
  "nil_eth": 0.6253336576615576,
  "nil_mind": 0.1901811987322646
}