{
  "nil_btc": 0.5136762292158905,
  "nil_eth": 0.5280130990852705,
  "nil_mind": 0.33784189998742237
}