{
  "nil_btc": 0.5961357332347903,
  "nil_eth": 0.6595333975496869,
  "nil_mind": 0.3168910440975745
}