{
  "nil_btc": 0.5735303803929304,
  "nil_eth": 0.6131348200506032,
  "nil_mind": 0.3435882016186739
}