{
  "nil_btc": 0.5553808986714099,
  "nil_eth": 0.6116367951815741,
  "nil_mind": 0.31760312426813936
}