{
  "nil_btc": 0.5587752346263212,
  "nil_eth": 0.6479975851320254,
  "nil_mind": 0.2395257495002301
}