{
  "nil_btc": 0.5404280886047073,
  "nil_eth": 0.498576752607168,
  "nil_mind": 0.34771138661521517
}