{
  "nil_btc": 0.5539033654242497,
  "nil_eth": 0.5082057844807895,
  "nil_mind": 0.06195965088418334
}