{
  "nil_btc": 0.42768529514900944,
  "nil_eth": 0.4770503240493444,
  "nil_mind": 0.0026299440916502477
}