{
  "nil_btc": 0.548867363271779,
  "nil_eth": 0.6095093038914478,
  "nil_mind": 0.3533548847136591
}