{
  "nil_btc": 0.6040837294691533,
  "nil_eth": 0.672935835823944,
  "nil_mind": 0.055858975247666726
}