{
  "nil_btc": 0.4303140200637674,
  "nil_eth": 0.4793388042864477,
  "nil_mind": 0.08596971659885196
}