{
  "nil_btc": 0.5542931803689064,
  "nil_eth": 0.577838451941742,
  "nil_mind": 0.24004515632439447
}