{
  "nil_btc": 0.558612826174955,
  "nil_eth": 0.6450186700830841,
  "nil_mind": 0.31882454569890256
}