{
  "nil_btc": 0.7424808302790601,
  "nil_eth": 0.6711817819072097,
  "nil_mind": -0.1463021349897498
}