{
  "nil_btc": 0.5715356572293839,
  "nil_eth": 0.6255167468420905,
  "nil_mind": 0.051196830666686816
}