{
  "nil_btc": 0.609959636813385,
  "nil_eth": 0.617523575605575,
  "nil_mind": 0.24493635422161716
}