{
  "nil_btc": 0.23404209167727888,
  "nil_eth": 0.19680625146716788,
  "nil_mind": 0.18204675619832103
}