{
  "nil_btc": 0.8004623856370751,
  "nil_eth": 0.724857272000723,
  "nil_mind": 0.35325104657143047
}