{
  "nil_btc": 0.7868554409631915,
  "nil_eth": 0.8129718618567547,
  "nil_mind": 0.35181261555159843
}