{
  "nil_btc": 0.1356265291366082,
  "nil_eth": 0.12418127528373735,
  "nil_mind": 0.023137566126628942
}