{
  "nil_btc": 0.6073676070474494,
  "nil_eth": 0.6119917665179636,
  "nil_mind": 0.2273638590836766
}