{
  "nil_btc": 0.507886186495704,
  "nil_eth": 0.5012282087289189,
  "nil_mind": 0.42740100742899895
}