{
  "nil_btc": 0.4601468142252597,
  "nil_eth": 0.6517428554319056,
  "nil_mind": 0.23681479295330843
}