{
  "nil_btc": 0.7307785279633221,
  "nil_eth": 0.6657113167246844,
  "nil_mind": -0.13583224025753923
}