{
  "nil_btc": 0.611054938577908,
  "nil_eth": 0.620507250660723,
  "nil_mind": 0.2408988813766089
}