{
  "nil_btc": 0.07555264045932585,
  "nil_eth": 0.06168775906274402,
  "nil_mind": -0.016388519333882082
}