{
  "nil_btc": 0.6056578940754459,
  "nil_eth": 0.5583434451890686,
  "nil_mind": -0.07649896655244669
}