{
  "nil_btc": 0.5124130480392202,
  "nil_eth": 0.5251529608655167,
  "nil_mind": 0.43377146692286617
}