{
  "nil_btc": 0.16452374414124835,
  "nil_eth": 0.1259996795170622,
  "nil_mind": 0.2459142739948691
}