{
  "nil_btc": 0.5639718982939825,
  "nil_eth": 0.6186805547290742,
  "nil_mind": 0.3109284793853331
}