{
  "nil_btc": 0.2151090986459646,
  "nil_eth": 0.19253272720442088,
  "nil_mind": 0.13078442641775084
}