{
  "nil_btc": 0.6068818386202406,
  "nil_eth": 0.561747570424648,
  "nil_mind": 0.026506175924550783
}