{
  "nil_btc": 0.6804590403726798,
  "nil_eth": 0.7487204751834096,
  "nil_mind": 0.38085593392889655
}