{
  "nil_btc": 0.12628481922082319,
  "nil_eth": 0.11797058724216439,
  "nil_mind": 0.014045057299688196
}