{
  "nil_btc": 0.42990685764906,
  "nil_eth": 0.43327128589581215,
  "nil_mind": 0.3270522783182932
}