{
  "nil_btc": 0.6105205079779528,
  "nil_eth": 0.5996967320782751,
  "nil_mind": 0.22497743892877559
}