{
  "nil_btc": 0.38341672052320896,
  "nil_eth": 0.4585062554155002,
  "nil_mind": -0.24837137736385057
}