{
  "nil_btc": 0.6068051066402045,
  "nil_eth": 0.5894668733774556,
  "nil_mind": 0.3214639395185989
}