{
  "nil_btc": 0.6282367698956363,
  "nil_eth": 0.6247643823827815,
  "nil_mind": 0.3557770838929194
}