{
  "nil_btc": 0.4075643203344401,
  "nil_eth": 0.5219653610739863,
  "nil_mind": -0.22688343221946666
}