{
  "nil_btc": 0.10442023685814467,
  "nil_eth": 0.09321501139847749,
  "nil_mind": 0.014014196166568238
}