{
  "nil_btc": 0.5754161087544527,
  "nil_eth": 0.6528195570866058,
  "nil_mind": 0.2735586069163337
}