{
  "nil_btc": 0.10412295243283555,
  "nil_eth": 0.09262516065367123,
  "nil_mind": 0.016326058944443386
}