{
  "nil_btc": 0.09740397814318717,
  "nil_eth": 0.07458357303080515,
  "nil_mind": -0.037134587245186604
}