{
  "nil_btc": 0.6066641583937821,
  "nil_eth": 0.5924032762369686,
  "nil_mind": 0.3185312949254979
}