{
  "nil_btc": 0.635748635713647,
  "nil_eth": 0.7067870597786386,
  "nil_mind": 0.25606826574661146
}