{
  "nil_btc": 0.24190405715030838,
  "nil_eth": 0.1680781304598827,
  "nil_mind": 0.2736326652698329
}