{
  "nil_btc": 0.11456521951505913,
  "nil_eth": 0.06069978749182941,
  "nil_mind": -0.05830454229973771
}