{
  "nil_btc": 0.5612958214266496,
  "nil_eth": 0.5929121619298643,
  "nil_mind": 0.23983562532270541
}