{
  "nil_btc": 0.5976184699417786,
  "nil_eth": 0.6262375643484547,
  "nil_mind": 0.23908301204412877
}