{
  "nil_btc": 0.3175626883694463,
  "nil_eth": 0.3875734642621623,
  "nil_mind": -0.06825582893758646
}