{
  "nil_btc": 0.21240619282407863,
  "nil_eth": 0.17582035860398051,
  "nil_mind": 0.20564011945174954
}