{
  "nil_btc": 0.3029140551391161,
  "nil_eth": 0.3157030473270679,
  "nil_mind": -0.01800041186674644
}