{
  "nil_btc": 0.5245877768632874,
  "nil_eth": 0.5976489606203559,
  "nil_mind": 0.5091328512680052
}