{
  "nil_btc": 0.6102030096384375,
  "nil_eth": 0.6547844335931617,
  "nil_mind": 0.43161649671014773
}