{
  "nil_btc": 0.39208566708814985,
  "nil_eth": 0.3985366064692897,
  "nil_mind": 0.07740503155198031
}