{
  "nil_btc": 0.44522816856110964,
  "nil_eth": 0.44551094613241077,
  "nil_mind": 0.2376837382075668
}