{
  "nil_btc": 0.49454053302301604,
  "nil_eth": 0.5047110881925714,
  "nil_mind": -0.15270029495916396
}