{
  "nil_btc": 0.7478172967263779,
  "nil_eth": 0.6870720717965177,
  "nil_mind": 0.30966271220275937
}