{
  "nil_btc": -0.12223393884123969,
  "nil_eth": -0.13964032711209168,
  "nil_mind": -0.11712761321609286
}