{
  "nil_btc": 0.6549054785910435,
  "nil_eth": 0.6221481321006809,
  "nil_mind": 0.3094445704999491
}