{
  "nil_btc": 0.10507709084894058,
  "nil_eth": 0.07758316114594245,
  "nil_mind": -0.01923115091039409
}