{
  "nil_btc": 0.7700996348594855,
  "nil_eth": 0.74365006340612,
  "nil_mind": 0.7618936960899216
}