{
  "nil_btc": 0.6276508934796775,
  "nil_eth": 0.614117680366527,
  "nil_mind": 0.23614298674138368
}