{
  "nil_btc": 0.5481666037798947,
  "nil_eth": 0.5268061857715834,
  "nil_mind": -0.18168926768286695
}