{
  "nil_btc": 0.5599555802522823,
  "nil_eth": 0.5916837419996109,
  "nil_mind": 0.22835507161905755
}