{
  "nil_btc": 0.37964093848735303,
  "nil_eth": 0.4453916744009825,
  "nil_mind": 0.3791775161715971
}