{
  "nil_btc": 0.4069099831381183,
  "nil_eth": 0.5637150945739119,
  "nil_mind": 0.5457542975839281
}