{
  "nil_btc": 0.11686407772857195,
  "nil_eth": 0.10705737094366016,
  "nil_mind": 0.006866587015508702
}