{
  "nil_btc": 0.7491862094061607,
  "nil_eth": 0.7391323818013741,
  "nil_mind": 0.3095714981234133
}