{
  "nil_btc": 0.4336194410455649,
  "nil_eth": 0.47859871225210493,
  "nil_mind": 0.009924089399963382
}