{
  "nil_btc": 0.5503346504941691,
  "nil_eth": 0.605209686942813,
  "nil_mind": 0.3994207131725337
}