{
  "nil_btc": 0.43532851419400354,
  "nil_eth": 0.46899107325489936,
  "nil_mind": -0.10915842567257972
}