{
  "nil_btc": 0.831460622441743,
  "nil_eth": 0.7983904433015375,
  "nil_mind": 0.42017058862274226
}