{
  "nil_btc": 0.10577674276310838,
  "nil_eth": 0.09321281627708823,
  "nil_mind": 0.01873847473396381
}