{
  "nil_btc": 0.7716451498369774,
  "nil_eth": 0.8076498285135578,
  "nil_mind": 0.36122148328796416
}