{
  "nil_btc": -0.1297208079860532,
  "nil_eth": -0.18248660988263982,
  "nil_mind": -0.10412444909601237
}