{
  "nil_btc": 0.1149039689540134,
  "nil_eth": 0.10131004524353356,
  "nil_mind": 0.016089616409746457
}