{
  "nil_btc": 0.6034635169360703,
  "nil_eth": 0.575485111603448,
  "nil_mind": -0.0660290849704501
}