{
  "nil_btc": 0.4405765168875561,
  "nil_eth": 0.44357054236355303,
  "nil_mind": 0.21304713349938306
}