{
  "nil_btc": 0.26811753367271585,
  "nil_eth": 0.2524499722271312,
  "nil_mind": 0.15435032869004742
}