{
  "nil_btc": 0.3032529352127026,
  "nil_eth": 0.3728338229485763,
  "nil_mind": 0.0012281852198837392
}