{
  "nil_btc": 0.5708296675365271,
  "nil_eth": 0.6117136840180365,
  "nil_mind": 0.34130240723859406
}