{
  "nil_btc": 0.5008534560171357,
  "nil_eth": 0.5129581833955117,
  "nil_mind": 0.4304130848851689
}