{
  "nil_btc": 0.7650119098973527,
  "nil_eth": 0.7018367929101882,
  "nil_mind": 0.5288923510980308
}