{
  "nil_btc": 0.8039804424548428,
  "nil_eth": 0.7513821685339984,
  "nil_mind": 0.34233523193355325
}