{
  "nil_btc": 0.7945925700756629,
  "nil_eth": 0.7270440494025932,
  "nil_mind": -0.1074292853343864
}