{
  "nil_btc": 0.8466399531274187,
  "nil_eth": 0.7981355610136373,
  "nil_mind": -0.12564007656149181
}