{
  "nil_btc": 0.43393335321445226,
  "nil_eth": 0.4315768533428378,
  "nil_mind": 0.2650184806560069
}