{
  "nil_btc": 0.5777120133937031,
  "nil_eth": 0.545035118481654,
  "nil_mind": -0.15083648447980227
}