{
  "nil_btc": 0.6882722459049174,
  "nil_eth": 0.6606187741916356,
  "nil_mind": 0.4269811355408987
}