{
  "nil_btc": 0.3591871351029194,
  "nil_eth": 0.43131676766217925,
  "nil_mind": -0.0806914338765854
}