{
  "nil_btc": 0.34410550851928473,
  "nil_eth": 0.3012430259735204,
  "nil_mind": 0.11457955033279883
}