{
  "nil_btc": 0.5957777456224632,
  "nil_eth": 0.5687828334371372,
  "nil_mind": 0.33906597899567353
}