{
  "nil_btc": 0.6027871241360524,
  "nil_eth": 0.5624996387936602,
  "nil_mind": 0.005330432251192454
}