{
  "nil_btc": 0.5465840695414128,
  "nil_eth": 0.5955259827651965,
  "nil_mind": 0.3011441747670729
}