{
  "nil_btc": 0.28660057201266687,
  "nil_eth": 0.5801520738683974,
  "nil_mind": 0.05352769028262938
}