{
  "nil_btc": 0.23830356160437918,
  "nil_eth": 0.3718072926077692,
  "nil_mind": -0.047453290819953954
}