{
  "nil_btc": 0.5259027966522584,
  "nil_eth": 0.5674961888039032,
  "nil_mind": 0.2762206062857913
}