{
  "nil_btc": 0.5775453201736895,
  "nil_eth": 0.5783149648808776,
  "nil_mind": 0.24613367528724608
}