{
  "nil_btc": 0.7620915491580216,
  "nil_eth": 0.695312842978358,
  "nil_mind": 0.3113645639929672
}