{
  "nil_btc": 0.6196546319300882,
  "nil_eth": 0.6280517377907896,
  "nil_mind": 0.24102459849740032
}