{
  "nil_btc": 0.6214694862577806,
  "nil_eth": 0.6021622924963516,
  "nil_mind": 0.32656347138713265
}