{
  "nil_btc": 0.3624913953191641,
  "nil_eth": 0.4292793263915789,
  "nil_mind": -0.07991098560970979
}