{
  "nil_btc": 0.6532296696362321,
  "nil_eth": 0.6066542061040572,
  "nil_mind": -0.05258682421345953
}