{
  "nil_btc": 0.5802176352744035,
  "nil_eth": 0.5664812417340093,
  "nil_mind": 0.32386662814852113
}