{
  "nil_btc": 0.4991198651880902,
  "nil_eth": 0.3941305920271681,
  "nil_mind": 0.3198815839923757
}