{
  "nil_btc": 0.4224254692936009,
  "nil_eth": 0.4573085204564165,
  "nil_mind": 0.26614710529595254
}