{
  "nil_btc": 0.6186591349394689,
  "nil_eth": 0.6269836222490105,
  "nil_mind": 0.24079497919369466
}