{
  "nil_btc": 0.5912428747952633,
  "nil_eth": 0.7022496347020808,
  "nil_mind": 0.16182585991271725
}