{
  "nil_btc": 0.5514873866477639,
  "nil_eth": 0.6101852907099993,
  "nil_mind": 0.3361707910870141
}