{
  "nil_btc": 0.5136305049701283,
  "nil_eth": 0.5179262500658154,
  "nil_mind": -0.1522899437131892
}