{
  "nil_btc": 0.5577103604499508,
  "nil_eth": 0.6124275820439068,
  "nil_mind": 0.3553309812985974
}