{
  "nil_btc": 0.29913096396059224,
  "nil_eth": 0.3683398627769701,
  "nil_mind": 0.06599657894700954
}