{
  "nil_btc": 0.4460228133484974,
  "nil_eth": 0.4936861861388048,
  "nil_mind": 0.04499513866587871
}