{
  "nil_btc": 0.26723989907645884,
  "nil_eth": 0.21579175410658907,
  "nil_mind": 0.06386237126863473
}