{
  "nil_btc": 0.6630402134738206,
  "nil_eth": 0.7192931998933672,
  "nil_mind": 0.26759370131035165
}