{
  "nil_btc": 0.4339248031066287,
  "nil_eth": 0.44199711194407293,
  "nil_mind": 0.23161956903883027
}