{
  "nil_btc": 0.5948230088521362,
  "nil_eth": 0.5980359895140127,
  "nil_mind": 0.24779552428136914
}