{
  "nil_btc": 0.5678922617584813,
  "nil_eth": 0.5941512505378916,
  "nil_mind": 0.3758487745137787
}