{
  "nil_btc": 0.8489509835555488,
  "nil_eth": 0.8462105970545886,
  "nil_mind": 0.4872451073481651
}