{
  "nil_btc": 0.08470214159338979,
  "nil_eth": 0.06616168121762733,
  "nil_mind": -0.013853178759389606
}