{
  "nil_btc": 0.5450331494813244,
  "nil_eth": 0.5437706516677264,
  "nil_mind": 0.4310891404047421
}