{
  "nil_btc": 0.537447251781575,
  "nil_eth": 0.5600729837298734,
  "nil_mind": 0.2785770859295562
}