{
  "nil_btc": 0.39579663537857657,
  "nil_eth": 0.4520689038171775,
  "nil_mind": 0.0026413785891884244
}