{
  "nil_btc": 0.40586331480346954,
  "nil_eth": 0.4596666306559645,
  "nil_mind": 0.0034416340747753056
}