{
  "nil_btc": 0.3960407318299521,
  "nil_eth": 0.4178722195456766,
  "nil_mind": 0.31479270377965224
}