{
  "nil_btc": -0.04913214930825608,
  "nil_eth": -0.056978017024017204,
  "nil_mind": -0.1422947913360784
}