{
  "nil_btc": 0.44464181688432125,
  "nil_eth": 0.48338666775831174,
  "nil_mind": -0.12389930511670541
}