{
  "nil_btc": 0.06946630811871032,
  "nil_eth": 0.04554471769538597,
  "nil_mind": -0.005723797040657819
}