{
  "nil_btc": 0.6084946143988346,
  "nil_eth": 0.6165787306796041,
  "nil_mind": 0.2409520707901687
}