{
  "nil_btc": 0.4836974774213287,
  "nil_eth": 0.5303212434276995,
  "nil_mind": 0.30609230147332966
}