{
  "nil_btc": 0.7839833823044445,
  "nil_eth": 0.7705026606316469,
  "nil_mind": 0.49053437608198763
}