{
  "nil_btc": 0.2552237173124978,
  "nil_eth": 0.37901665903534976,
  "nil_mind": -0.038177307973304896
}