{
  "nil_btc": -0.007289263320701958,
  "nil_eth": -0.08531093789214116,
  "nil_mind": -0.08475862811106741
}