{
  "nil_btc": 0.36229807141628606,
  "nil_eth": 0.4280872266905492,
  "nil_mind": -0.22743680064180796
}