{
  "nil_btc": 0.6800295209919603,
  "nil_eth": 0.6350663422242604,
  "nil_mind": 0.2998934644638428
}