{
  "nil_btc": 0.8117045116516767,
  "nil_eth": 0.8592451398482324,
  "nil_mind": 0.4556375705266867
}