{
  "nil_btc": 0.5907296473863897,
  "nil_eth": 0.6519880829856446,
  "nil_mind": 0.299072853938564
}