{
  "nil_btc": 0.8154510674791299,
  "nil_eth": 0.8699171812591201,
  "nil_mind": 0.471164183482579
}