{
  "nil_btc": 0.837633540964072,
  "nil_eth": 0.8690410606062258,
  "nil_mind": 0.47849415498213693
}