{
  "nil_btc": 0.41289292649123566,
  "nil_eth": 0.2843669785680232,
  "nil_mind": 0.015320681858852197
}