{
  "nil_btc": 0.5561353767432063,
  "nil_eth": 0.5744711658724941,
  "nil_mind": 0.22710694746973073
}