{
  "nil_btc": 0.4203528577528602,
  "nil_eth": 0.45869362821482385,
  "nil_mind": 0.09779904379387488
}