{
  "nil_btc": 0.525239227050713,
  "nil_eth": 0.5725204858877074,
  "nil_mind": 0.20851637278861182
}