{
  "nil_btc": 0.6248716009754947,
  "nil_eth": 0.5982471123473387,
  "nil_mind": 0.32885108193170015
}