{
  "nil_btc": 0.45824292126157934,
  "nil_eth": 0.49428868670248544,
  "nil_mind": -0.09812828760222486
}