{
  "nil_btc": 0.6533002594208528,
  "nil_eth": 0.6058882430337638,
  "nil_mind": -0.05378341526092855
}