{
  "nil_btc": 0.5622985363859617,
  "nil_eth": 0.542057382518944,
  "nil_mind": -0.16529142366913024
}