{
  "nil_btc": 0.12597467679745225,
  "nil_eth": 0.11756297261583497,
  "nil_mind": 0.014051210590148886
}