{
  "nil_btc": 0.7515894233602329,
  "nil_eth": 0.7040117111860007,
  "nil_mind": -0.17508549267562024
}