{
  "nil_btc": 0.7561572631713761,
  "nil_eth": 0.7127569221528866,
  "nil_mind": 0.47330802975172725
}