{
  "nil_btc": 0.09318284912090465,
  "nil_eth": 0.07334831528364599,
  "nil_mind": -0.034234566039213564
}