{
  "nil_btc": 0.6323384897098372,
  "nil_eth": 0.6183619564834698,
  "nil_mind": 0.2318208384144219
}