{
  "nil_btc": 0.10595751252785653,
  "nil_eth": 0.09416736057860955,
  "nil_mind": 0.008037119475239829
}