{
  "nil_btc": 0.6097974156006833,
  "nil_eth": 0.6670106062597353,
  "nil_mind": 0.3156884316237522
}