{
  "nil_btc": 0.39471311580653423,
  "nil_eth": 0.4509219337367139,
  "nil_mind": 0.0030122551581455294
}