{
  "nil_btc": 0.5386159510339006,
  "nil_eth": 0.5843974717121719,
  "nil_mind": 0.33583680238445773
}