{
  "nil_btc": 0.0834066679955299,
  "nil_eth": 0.06613986054391627,
  "nil_mind": -0.019632450727729237
}