{
  "nil_btc": 0.5860661932989201,
  "nil_eth": 0.567290187926073,
  "nil_mind": 0.3457904022215993
}