{
  "nil_btc": 0.6809178558018829,
  "nil_eth": 0.7116365887218955,
  "nil_mind": 0.2944395487324029
}