{
  "nil_btc": 0.5780262288708226,
  "nil_eth": 0.5451495847570598,
  "nil_mind": -0.15025387220436
}