{
  "nil_btc": 0.5807046006711103,
  "nil_eth": 0.5885471091526113,
  "nil_mind": 0.3488432923252828
}