{
  "nil_btc": 0.08035775262271308,
  "nil_eth": 0.06076567776033449,
  "nil_mind": -0.004527616347412066
}