{
  "nil_btc": 0.3168157165816957,
  "nil_eth": 0.3912997093033157,
  "nil_mind": 0.20840179580210627
}