{
  "nil_btc": 0.5637400996375306,
  "nil_eth": 0.6399698675403364,
  "nil_mind": 0.32561671761552685
}