{
  "nil_btc": 0.4930791796868549,
  "nil_eth": 0.6422699739069674,
  "nil_mind": 0.2599601880980992
}