{
  "nil_btc": 0.6255455996568421,
  "nil_eth": 0.5981216111540775,
  "nil_mind": 0.20082919259263524
}