{
  "nil_btc": 0.49872416872403963,
  "nil_eth": 0.5508249547262403,
  "nil_mind": 0.23701318885675085
}