{
  "nil_btc": 0.442090424061506,
  "nil_eth": 0.46515044912154796,
  "nil_mind": 0.2651284701898377
}