{
  "nil_btc": 0.7258658882918221,
  "nil_eth": 0.761835178949039,
  "nil_mind": 0.3811248542628815
}