{
  "nil_btc": 0.5682049805941347,
  "nil_eth": 0.6539759636767093,
  "nil_mind": 0.3617919407211131
}