{
  "nil_btc": 0.6560880197143986,
  "nil_eth": 0.6081385413848389,
  "nil_mind": -0.052511773361153376
}