{
  "nil_btc": 0.4438835514838046,
  "nil_eth": 0.4981837470282596,
  "nil_mind": 0.23193416662030145
}