{
  "nil_btc": 0.6011478179237338,
  "nil_eth": 0.5600994240585613,
  "nil_mind": 0.01417741286600474
}