{
  "nil_btc": 0.5785775626793127,
  "nil_eth": 0.5455854196524247,
  "nil_mind": -0.14794493865224992
}