{
  "nil_btc": -0.1319797182543221,
  "nil_eth": -0.19767098155126842,
  "nil_mind": -0.11359399885600467
}