{
  "nil_btc": 0.0009423247872265998,
  "nil_eth": -0.07914807652095768,
  "nil_mind": -0.06524706729763183
}