{
  "nil_btc": 0.3946532397474647,
  "nil_eth": 0.44982175706873667,
  "nil_mind": -0.21088156903077876
}